,name,height,weight,Unnamed: 0.11,Unnamed: 0.10,Unnamed: 0.9,Unnamed: 0.8,Unnamed: 0.7,Unnamed: 0.6,Unnamed: 0.5,Unnamed: 0.4,Unnamed: 0.3,Unnamed: 0.2,0,Unnamed: 0.1,Unnamed: 0,0.1,"{""name"":""jack""",height:68.70,weight:123.30},"<?xml version=""1.0"" encoding=""UTF-8""?>"
0,alex,1.67,51.25,,,,,,,,,,,,,,,,,,
1,ajay,1.82,61.91,,,,,,,,,,,,,,,,,,
2,alice,1.76,69.41,,,,,,,,,,,,,,,,,,
3,ravi,1.73,64.56,,,,,,,,,,,,,,,,,,
4,joe,1.72,65.45,,,,,,,,,,,,,,,,,,
5,alex,1.67,51.25,,,,,,,,,,,,,,,,,,
6,ajay,1.82,61.91,,,,,,,,,,,,,,,,,,
7,alice,1.76,69.41,,,,,,,,,,,,,,,,,,
8,ravi,1.73,64.56,,,,,,,,,,,,,,,,,,
9,joe,1.72,65.45,,,,,,,,,,,,,,,,,,
10,alex,1.67,51.25,,,,,,,,,,,,,,,,,,
11,ajay,1.82,61.91,,,,,,,,,,,,,,,,,,
12,alice,1.76,69.41,,,,,,,,,,,,,,,,,,
13,ravi,1.73,64.56,,,,,,,,,,,,,,,,,,
14,joe,1.72,65.45,,,,,,,,,,,,,,,,,,
15,alex,0.04,23.25,0.0,,,,,,,,,,,,,,,,,
16,ajay,0.05,28.08,1.0,,,,,,,,,,,,,,,,,
17,alice,0.04,31.48,2.0,,,,,,,,,,,,,,,,,
18,ravi,0.04,29.28,3.0,,,,,,,,,,,,,,,,,
19,joe,0.04,29.69,4.0,,,,,,,,,,,,,,,,,
20,alex,0.04,23.25,5.0,,,,,,,,,,,,,,,,,
21,ajay,0.05,28.08,6.0,,,,,,,,,,,,,,,,,
22,alice,0.04,31.48,7.0,,,,,,,,,,,,,,,,,
23,ravi,0.04,29.28,8.0,,,,,,,,,,,,,,,,,
24,joe,0.04,29.69,9.0,,,,,,,,,,,,,,,,,
25,alex,0.04,23.25,10.0,,,,,,,,,,,,,,,,,
26,ajay,0.05,28.08,11.0,,,,,,,,,,,,,,,,,
27,alice,0.04,31.48,12.0,,,,,,,,,,,,,,,,,
28,ravi,0.04,29.28,13.0,,,,,,,,,,,,,,,,,
29,joe,0.04,29.69,14.0,,,,,,,,,,,,,,,,,
30,alex,0.0,10.55,15.0,0.0,,,,,,,,,,,,,,,,
31,ajay,0.0,12.74,16.0,1.0,,,,,,,,,,,,,,,,
32,alice,0.0,14.28,17.0,2.0,,,,,,,,,,,,,,,,
33,ravi,0.0,13.28,18.0,3.0,,,,,,,,,,,,,,,,
34,joe,0.0,13.47,19.0,4.0,,,,,,,,,,,,,,,,
35,alex,0.0,10.55,20.0,5.0,,,,,,,,,,,,,,,,
36,ajay,0.0,12.74,21.0,6.0,,,,,,,,,,,,,,,,
37,alice,0.0,14.28,22.0,7.0,,,,,,,,,,,,,,,,
38,ravi,0.0,13.28,23.0,8.0,,,,,,,,,,,,,,,,
39,joe,0.0,13.47,24.0,9.0,,,,,,,,,,,,,,,,
40,alex,0.0,10.55,25.0,10.0,,,,,,,,,,,,,,,,
41,ajay,0.0,12.74,26.0,11.0,,,,,,,,,,,,,,,,
42,alice,0.0,14.28,27.0,12.0,,,,,,,,,,,,,,,,
43,ravi,0.0,13.28,28.0,13.0,,,,,,,,,,,,,,,,
44,joe,0.0,13.47,29.0,14.0,,,,,,,,,,,,,,,,
45,alex,0.0,4.79,30.0,15.0,0.0,,,,,,,,,,,,,,,
46,ajay,0.0,5.78,31.0,16.0,1.0,,,,,,,,,,,,,,,
47,alice,0.0,6.48,32.0,17.0,2.0,,,,,,,,,,,,,,,
48,ravi,0.0,6.02,33.0,18.0,3.0,,,,,,,,,,,,,,,
49,joe,0.0,6.11,34.0,19.0,4.0,,,,,,,,,,,,,,,
50,alex,0.0,4.79,35.0,20.0,5.0,,,,,,,,,,,,,,,
51,ajay,0.0,5.78,36.0,21.0,6.0,,,,,,,,,,,,,,,
52,alice,0.0,6.48,37.0,22.0,7.0,,,,,,,,,,,,,,,
53,ravi,0.0,6.02,38.0,23.0,8.0,,,,,,,,,,,,,,,
54,joe,0.0,6.11,39.0,24.0,9.0,,,,,,,,,,,,,,,
55,alex,0.0,4.79,40.0,25.0,10.0,,,,,,,,,,,,,,,
56,ajay,0.0,5.78,41.0,26.0,11.0,,,,,,,,,,,,,,,
57,alice,0.0,6.48,42.0,27.0,12.0,,,,,,,,,,,,,,,
58,ravi,0.0,6.02,43.0,28.0,13.0,,,,,,,,,,,,,,,
59,joe,0.0,6.11,44.0,29.0,14.0,,,,,,,,,,,,,,,
60,alex,0.0,2.17,45.0,30.0,15.0,0.0,,,,,,,,,,,,,,
61,ajay,0.0,2.62,46.0,31.0,16.0,1.0,,,,,,,,,,,,,,
62,alice,0.0,2.94,47.0,32.0,17.0,2.0,,,,,,,,,,,,,,
63,ravi,0.0,2.73,48.0,33.0,18.0,3.0,,,,,,,,,,,,,,
64,joe,0.0,2.77,49.0,34.0,19.0,4.0,,,,,,,,,,,,,,
65,alex,0.0,2.17,50.0,35.0,20.0,5.0,,,,,,,,,,,,,,
66,ajay,0.0,2.62,51.0,36.0,21.0,6.0,,,,,,,,,,,,,,
67,alice,0.0,2.94,52.0,37.0,22.0,7.0,,,,,,,,,,,,,,
68,ravi,0.0,2.73,53.0,38.0,23.0,8.0,,,,,,,,,,,,,,
69,joe,0.0,2.77,54.0,39.0,24.0,9.0,,,,,,,,,,,,,,
70,alex,0.0,2.17,55.0,40.0,25.0,10.0,,,,,,,,,,,,,,
71,ajay,0.0,2.62,56.0,41.0,26.0,11.0,,,,,,,,,,,,,,
72,alice,0.0,2.94,57.0,42.0,27.0,12.0,,,,,,,,,,,,,,
73,ravi,0.0,2.73,58.0,43.0,28.0,13.0,,,,,,,,,,,,,,
74,joe,0.0,2.77,59.0,44.0,29.0,14.0,,,,,,,,,,,,,,
75,alex,0.0,0.98,60.0,45.0,30.0,15.0,0.0,,,,,,,,,,,,,
76,ajay,0.0,1.19,61.0,46.0,31.0,16.0,1.0,,,,,,,,,,,,,
77,alice,0.0,1.33,62.0,47.0,32.0,17.0,2.0,,,,,,,,,,,,,
78,ravi,0.0,1.24,63.0,48.0,33.0,18.0,3.0,,,,,,,,,,,,,
79,joe,0.0,1.26,64.0,49.0,34.0,19.0,4.0,,,,,,,,,,,,,
80,alex,0.0,0.98,65.0,50.0,35.0,20.0,5.0,,,,,,,,,,,,,
81,ajay,0.0,1.19,66.0,51.0,36.0,21.0,6.0,,,,,,,,,,,,,
82,alice,0.0,1.33,67.0,52.0,37.0,22.0,7.0,,,,,,,,,,,,,
83,ravi,0.0,1.24,68.0,53.0,38.0,23.0,8.0,,,,,,,,,,,,,
84,joe,0.0,1.26,69.0,54.0,39.0,24.0,9.0,,,,,,,,,,,,,
85,alex,0.0,0.98,70.0,55.0,40.0,25.0,10.0,,,,,,,,,,,,,
86,ajay,0.0,1.19,71.0,56.0,41.0,26.0,11.0,,,,,,,,,,,,,
87,alice,0.0,1.33,72.0,57.0,42.0,27.0,12.0,,,,,,,,,,,,,
88,ravi,0.0,1.24,73.0,58.0,43.0,28.0,13.0,,,,,,,,,,,,,
89,joe,0.0,1.26,74.0,59.0,44.0,29.0,14.0,,,,,,,,,,,,,
90,alex,0.0,0.44,75.0,60.0,45.0,30.0,15.0,0.0,,,,,,,,,,,,
91,ajay,0.0,0.54,76.0,61.0,46.0,31.0,16.0,1.0,,,,,,,,,,,,
92,alice,0.0,0.6,77.0,62.0,47.0,32.0,17.0,2.0,,,,,,,,,,,,
93,ravi,0.0,0.56,78.0,63.0,48.0,33.0,18.0,3.0,,,,,,,,,,,,
94,joe,0.0,0.57,79.0,64.0,49.0,34.0,19.0,4.0,,,,,,,,,,,,
95,alex,0.0,0.44,80.0,65.0,50.0,35.0,20.0,5.0,,,,,,,,,,,,
96,ajay,0.0,0.54,81.0,66.0,51.0,36.0,21.0,6.0,,,,,,,,,,,,
97,alice,0.0,0.6,82.0,67.0,52.0,37.0,22.0,7.0,,,,,,,,,,,,
98,ravi,0.0,0.56,83.0,68.0,53.0,38.0,23.0,8.0,,,,,,,,,,,,
99,joe,0.0,0.57,84.0,69.0,54.0,39.0,24.0,9.0,,,,,,,,,,,,
100,alex,0.0,0.44,85.0,70.0,55.0,40.0,25.0,10.0,,,,,,,,,,,,
101,ajay,0.0,0.54,86.0,71.0,56.0,41.0,26.0,11.0,,,,,,,,,,,,
102,alice,0.0,0.6,87.0,72.0,57.0,42.0,27.0,12.0,,,,,,,,,,,,
103,ravi,0.0,0.56,88.0,73.0,58.0,43.0,28.0,13.0,,,,,,,,,,,,
104,joe,0.0,0.57,89.0,74.0,59.0,44.0,29.0,14.0,,,,,,,,,,,,
105,alex,0.0,0.2,90.0,75.0,60.0,45.0,30.0,15.0,0.0,,,,,,,,,,,
106,ajay,0.0,0.24,91.0,76.0,61.0,46.0,31.0,16.0,1.0,,,,,,,,,,,
107,alice,0.0,0.27,92.0,77.0,62.0,47.0,32.0,17.0,2.0,,,,,,,,,,,
108,ravi,0.0,0.25,93.0,78.0,63.0,48.0,33.0,18.0,3.0,,,,,,,,,,,
109,joe,0.0,0.26,94.0,79.0,64.0,49.0,34.0,19.0,4.0,,,,,,,,,,,
110,alex,0.0,0.2,95.0,80.0,65.0,50.0,35.0,20.0,5.0,,,,,,,,,,,
111,ajay,0.0,0.24,96.0,81.0,66.0,51.0,36.0,21.0,6.0,,,,,,,,,,,
112,alice,0.0,0.27,97.0,82.0,67.0,52.0,37.0,22.0,7.0,,,,,,,,,,,
113,ravi,0.0,0.25,98.0,83.0,68.0,53.0,38.0,23.0,8.0,,,,,,,,,,,
114,joe,0.0,0.26,99.0,84.0,69.0,54.0,39.0,24.0,9.0,,,,,,,,,,,
115,alex,0.0,0.2,100.0,85.0,70.0,55.0,40.0,25.0,10.0,,,,,,,,,,,
116,ajay,0.0,0.24,101.0,86.0,71.0,56.0,41.0,26.0,11.0,,,,,,,,,,,
117,alice,0.0,0.27,102.0,87.0,72.0,57.0,42.0,27.0,12.0,,,,,,,,,,,
118,ravi,0.0,0.25,103.0,88.0,73.0,58.0,43.0,28.0,13.0,,,,,,,,,,,
119,joe,0.0,0.26,104.0,89.0,74.0,59.0,44.0,29.0,14.0,,,,,,,,,,,
120,alex,0.0,0.09,105.0,90.0,75.0,60.0,45.0,30.0,15.0,0.0,,,,,,,,,,
121,ajay,0.0,0.11,106.0,91.0,76.0,61.0,46.0,31.0,16.0,1.0,,,,,,,,,,
122,alice,0.0,0.12,107.0,92.0,77.0,62.0,47.0,32.0,17.0,2.0,,,,,,,,,,
123,ravi,0.0,0.11,108.0,93.0,78.0,63.0,48.0,33.0,18.0,3.0,,,,,,,,,,
124,joe,0.0,0.12,109.0,94.0,79.0,64.0,49.0,34.0,19.0,4.0,,,,,,,,,,
125,alex,0.0,0.09,110.0,95.0,80.0,65.0,50.0,35.0,20.0,5.0,,,,,,,,,,
126,ajay,0.0,0.11,111.0,96.0,81.0,66.0,51.0,36.0,21.0,6.0,,,,,,,,,,
127,alice,0.0,0.12,112.0,97.0,82.0,67.0,52.0,37.0,22.0,7.0,,,,,,,,,,
128,ravi,0.0,0.11,113.0,98.0,83.0,68.0,53.0,38.0,23.0,8.0,,,,,,,,,,
129,joe,0.0,0.12,114.0,99.0,84.0,69.0,54.0,39.0,24.0,9.0,,,,,,,,,,
130,alex,0.0,0.09,115.0,100.0,85.0,70.0,55.0,40.0,25.0,10.0,,,,,,,,,,
131,ajay,0.0,0.11,116.0,101.0,86.0,71.0,56.0,41.0,26.0,11.0,,,,,,,,,,
132,alice,0.0,0.12,117.0,102.0,87.0,72.0,57.0,42.0,27.0,12.0,,,,,,,,,,
133,ravi,0.0,0.11,118.0,103.0,88.0,73.0,58.0,43.0,28.0,13.0,,,,,,,,,,
134,joe,0.0,0.12,119.0,104.0,89.0,74.0,59.0,44.0,29.0,14.0,,,,,,,,,,
135,alex,0.0,0.04,120.0,105.0,90.0,75.0,60.0,45.0,30.0,15.0,0.0,,,,,,,,,
136,ajay,0.0,0.05,121.0,106.0,91.0,76.0,61.0,46.0,31.0,16.0,1.0,,,,,,,,,
137,alice,0.0,0.05,122.0,107.0,92.0,77.0,62.0,47.0,32.0,17.0,2.0,,,,,,,,,
138,ravi,0.0,0.05,123.0,108.0,93.0,78.0,63.0,48.0,33.0,18.0,3.0,,,,,,,,,
139,joe,0.0,0.05,124.0,109.0,94.0,79.0,64.0,49.0,34.0,19.0,4.0,,,,,,,,,
140,alex,0.0,0.04,125.0,110.0,95.0,80.0,65.0,50.0,35.0,20.0,5.0,,,,,,,,,
141,ajay,0.0,0.05,126.0,111.0,96.0,81.0,66.0,51.0,36.0,21.0,6.0,,,,,,,,,
142,alice,0.0,0.05,127.0,112.0,97.0,82.0,67.0,52.0,37.0,22.0,7.0,,,,,,,,,
143,ravi,0.0,0.05,128.0,113.0,98.0,83.0,68.0,53.0,38.0,23.0,8.0,,,,,,,,,
144,joe,0.0,0.05,129.0,114.0,99.0,84.0,69.0,54.0,39.0,24.0,9.0,,,,,,,,,
145,alex,0.0,0.04,130.0,115.0,100.0,85.0,70.0,55.0,40.0,25.0,10.0,,,,,,,,,
146,ajay,0.0,0.05,131.0,116.0,101.0,86.0,71.0,56.0,41.0,26.0,11.0,,,,,,,,,
147,alice,0.0,0.05,132.0,117.0,102.0,87.0,72.0,57.0,42.0,27.0,12.0,,,,,,,,,
148,ravi,0.0,0.05,133.0,118.0,103.0,88.0,73.0,58.0,43.0,28.0,13.0,,,,,,,,,
149,joe,0.0,0.05,134.0,119.0,104.0,89.0,74.0,59.0,44.0,29.0,14.0,,,,,,,,,
150,,,,135.0,120.0,105.0,90.0,75.0,60.0,45.0,30.0,15.0,0.0,name,,,,,,,
151,,,,136.0,121.0,106.0,91.0,76.0,61.0,46.0,31.0,16.0,1.0,height,,,,,,,
152,,,,137.0,122.0,107.0,92.0,77.0,62.0,47.0,32.0,17.0,2.0,weight,,,,,,,
153,alex,0.0,0.02,138.0,123.0,108.0,93.0,78.0,63.0,48.0,33.0,18.0,3.0,,,,,,,,
154,ajay,0.0,0.02,139.0,124.0,109.0,94.0,79.0,64.0,49.0,34.0,19.0,4.0,,,,,,,,
155,alice,0.0,0.02,140.0,125.0,110.0,95.0,80.0,65.0,50.0,35.0,20.0,5.0,,,,,,,,
156,ravi,0.0,0.02,141.0,126.0,111.0,96.0,81.0,66.0,51.0,36.0,21.0,6.0,,,,,,,,
157,joe,0.0,0.02,142.0,127.0,112.0,97.0,82.0,67.0,52.0,37.0,22.0,7.0,,,,,,,,
158,alex,0.0,0.02,143.0,128.0,113.0,98.0,83.0,68.0,53.0,38.0,23.0,8.0,,,,,,,,
159,ajay,0.0,0.02,144.0,129.0,114.0,99.0,84.0,69.0,54.0,39.0,24.0,9.0,,,,,,,,
160,alice,0.0,0.02,145.0,130.0,115.0,100.0,85.0,70.0,55.0,40.0,25.0,10.0,,,,,,,,
161,ravi,0.0,0.02,146.0,131.0,116.0,101.0,86.0,71.0,56.0,41.0,26.0,11.0,,,,,,,,
162,joe,0.0,0.02,147.0,132.0,117.0,102.0,87.0,72.0,57.0,42.0,27.0,12.0,,,,,,,,
163,alex,0.0,0.02,148.0,133.0,118.0,103.0,88.0,73.0,58.0,43.0,28.0,13.0,,,,,,,,
164,ajay,0.0,0.02,149.0,134.0,119.0,104.0,89.0,74.0,59.0,44.0,29.0,14.0,,,,,,,,
165,alice,0.0,0.02,150.0,135.0,120.0,105.0,90.0,75.0,60.0,45.0,30.0,15.0,,,,,,,,
166,ravi,0.0,0.02,151.0,136.0,121.0,106.0,91.0,76.0,61.0,46.0,31.0,16.0,,,,,,,,
167,joe,0.0,0.02,152.0,137.0,122.0,107.0,92.0,77.0,62.0,47.0,32.0,17.0,,,,,,,,
168,alex,0.0,0.01,153.0,138.0,123.0,108.0,93.0,78.0,63.0,48.0,33.0,18.0,,0.0,,,,,,
169,ajay,0.0,0.01,154.0,139.0,124.0,109.0,94.0,79.0,64.0,49.0,34.0,19.0,,1.0,,,,,,
170,alice,0.0,0.01,155.0,140.0,125.0,110.0,95.0,80.0,65.0,50.0,35.0,20.0,,2.0,,,,,,
171,ravi,0.0,0.01,156.0,141.0,126.0,111.0,96.0,81.0,66.0,51.0,36.0,21.0,,3.0,,,,,,
172,joe,0.0,0.01,157.0,142.0,127.0,112.0,97.0,82.0,67.0,52.0,37.0,22.0,,4.0,,,,,,
173,alex,0.0,0.01,158.0,143.0,128.0,113.0,98.0,83.0,68.0,53.0,38.0,23.0,,5.0,,,,,,
174,ajay,0.0,0.01,159.0,144.0,129.0,114.0,99.0,84.0,69.0,54.0,39.0,24.0,,6.0,,,,,,
175,alice,0.0,0.01,160.0,145.0,130.0,115.0,100.0,85.0,70.0,55.0,40.0,25.0,,7.0,,,,,,
176,ravi,0.0,0.01,161.0,146.0,131.0,116.0,101.0,86.0,71.0,56.0,41.0,26.0,,8.0,,,,,,
177,joe,0.0,0.01,162.0,147.0,132.0,117.0,102.0,87.0,72.0,57.0,42.0,27.0,,9.0,,,,,,
178,alex,0.0,0.01,163.0,148.0,133.0,118.0,103.0,88.0,73.0,58.0,43.0,28.0,,10.0,,,,,,
179,ajay,0.0,0.01,164.0,149.0,134.0,119.0,104.0,89.0,74.0,59.0,44.0,29.0,,11.0,,,,,,
180,alice,0.0,0.01,165.0,150.0,135.0,120.0,105.0,90.0,75.0,60.0,45.0,30.0,,12.0,,,,,,
181,ravi,0.0,0.01,166.0,151.0,136.0,121.0,106.0,91.0,76.0,61.0,46.0,31.0,,13.0,,,,,,
182,joe,0.0,0.01,167.0,152.0,137.0,122.0,107.0,92.0,77.0,62.0,47.0,32.0,,14.0,,,,,,
183,,,,168.0,153.0,138.0,123.0,108.0,93.0,78.0,63.0,48.0,33.0,,15.0,0.0,name,,,,
184,,,,169.0,154.0,139.0,124.0,109.0,94.0,79.0,64.0,49.0,34.0,,16.0,1.0,height,,,,
185,,,,170.0,155.0,140.0,125.0,110.0,95.0,80.0,65.0,50.0,35.0,,17.0,2.0,weight,,,,
186,alex,0.0,0.0,171.0,156.0,141.0,126.0,111.0,96.0,81.0,66.0,51.0,36.0,,18.0,3.0,,,,,
187,ajay,0.0,0.0,172.0,157.0,142.0,127.0,112.0,97.0,82.0,67.0,52.0,37.0,,19.0,4.0,,,,,
188,alice,0.0,0.0,173.0,158.0,143.0,128.0,113.0,98.0,83.0,68.0,53.0,38.0,,20.0,5.0,,,,,
189,ravi,0.0,0.0,174.0,159.0,144.0,129.0,114.0,99.0,84.0,69.0,54.0,39.0,,21.0,6.0,,,,,
190,joe,0.0,0.0,175.0,160.0,145.0,130.0,115.0,100.0,85.0,70.0,55.0,40.0,,22.0,7.0,,,,,
191,alex,0.0,0.0,176.0,161.0,146.0,131.0,116.0,101.0,86.0,71.0,56.0,41.0,,23.0,8.0,,,,,
192,ajay,0.0,0.0,177.0,162.0,147.0,132.0,117.0,102.0,87.0,72.0,57.0,42.0,,24.0,9.0,,,,,
193,alice,0.0,0.0,178.0,163.0,148.0,133.0,118.0,103.0,88.0,73.0,58.0,43.0,,25.0,10.0,,,,,
194,ravi,0.0,0.0,179.0,164.0,149.0,134.0,119.0,104.0,89.0,74.0,59.0,44.0,,26.0,11.0,,,,,
195,joe,0.0,0.0,180.0,165.0,150.0,135.0,120.0,105.0,90.0,75.0,60.0,45.0,,27.0,12.0,,,,,
196,alex,0.0,0.0,181.0,166.0,151.0,136.0,121.0,106.0,91.0,76.0,61.0,46.0,,28.0,13.0,,,,,
197,ajay,0.0,0.0,182.0,167.0,152.0,137.0,122.0,107.0,92.0,77.0,62.0,47.0,,29.0,14.0,,,,,
198,alice,0.0,0.0,183.0,168.0,153.0,138.0,123.0,108.0,93.0,78.0,63.0,48.0,,30.0,15.0,,,,,
199,ravi,0.0,0.0,184.0,169.0,154.0,139.0,124.0,109.0,94.0,79.0,64.0,49.0,,31.0,16.0,,,,,
200,joe,0.0,0.0,185.0,170.0,155.0,140.0,125.0,110.0,95.0,80.0,65.0,50.0,,32.0,17.0,,,,,
201,,,,186.0,171.0,156.0,141.0,126.0,111.0,96.0,81.0,66.0,51.0,,33.0,18.0,,"{""name"":""tom""",height:69.80,weight:141.49},
202,,,,187.0,172.0,157.0,142.0,127.0,112.0,97.0,82.0,67.0,52.0,,34.0,19.0,,"{""name"":""tracy""",height:70.01,weight:136.46},
203,,,,188.0,173.0,158.0,143.0,128.0,113.0,98.0,83.0,68.0,53.0,,35.0,20.0,,"{""name"":""john""",height:67.90,weight:112.37},
204,,,,189.0,174.0,159.0,144.0,129.0,114.0,99.0,84.0,69.0,54.0,,36.0,21.0,,"{""name"":""tom""",height:69.80,weight:141.49},
205,,,,190.0,175.0,160.0,145.0,130.0,115.0,100.0,85.0,70.0,55.0,,37.0,22.0,,"{""name"":""tracy""",height:70.01,weight:136.46},
206,,,,191.0,176.0,161.0,146.0,131.0,116.0,101.0,86.0,71.0,56.0,,38.0,23.0,,"{""name"":""john""",height:67.90,weight:112.37},
207,,,,192.0,177.0,162.0,147.0,132.0,117.0,102.0,87.0,72.0,57.0,,39.0,24.0,,"{""name"":""tom""",height:69.80,weight:141.49},
208,,,,193.0,178.0,163.0,148.0,133.0,118.0,103.0,88.0,73.0,58.0,,40.0,25.0,,"{""name"":""tracy""",height:70.01,weight:136.46},
209,,,,194.0,179.0,164.0,149.0,134.0,119.0,104.0,89.0,74.0,59.0,,41.0,26.0,,"{""name"":""john""",height:67.90,weight:112.37},
210,,,,195.0,180.0,165.0,150.0,135.0,120.0,105.0,90.0,75.0,60.0,,42.0,27.0,,,,,<data>
211,,,,196.0,181.0,166.0,151.0,136.0,121.0,106.0,91.0,76.0,61.0,,43.0,28.0,,,,,   <person>
212,,,,197.0,182.0,167.0,152.0,137.0,122.0,107.0,92.0,77.0,62.0,,44.0,29.0,,,,,      <name>simon</name>
213,,,,198.0,183.0,168.0,153.0,138.0,123.0,108.0,93.0,78.0,63.0,,45.0,30.0,,,,,      <height>67.90</height>
214,,,,199.0,184.0,169.0,154.0,139.0,124.0,109.0,94.0,79.0,64.0,,46.0,31.0,,,,,      <weight>112.37</weight>
215,,,,200.0,185.0,170.0,155.0,140.0,125.0,110.0,95.0,80.0,65.0,,47.0,32.0,,,,,   </person>
216,,,,201.0,186.0,171.0,156.0,141.0,126.0,111.0,96.0,81.0,66.0,,48.0,33.0,,,,,   <person>
217,,,,202.0,187.0,172.0,157.0,142.0,127.0,112.0,97.0,82.0,67.0,,49.0,34.0,,,,,      <name>jacob</name>
218,,,,203.0,188.0,173.0,158.0,143.0,128.0,113.0,98.0,83.0,68.0,,50.0,35.0,,,,,      <height>66.78</height>
219,,,,204.0,189.0,174.0,159.0,144.0,129.0,114.0,99.0,84.0,69.0,,51.0,36.0,,,,,      <weight>120.67</weight>
220,,,,205.0,190.0,175.0,160.0,145.0,130.0,115.0,100.0,85.0,70.0,,52.0,37.0,,,,,   </person>
221,,,,206.0,191.0,176.0,161.0,146.0,131.0,116.0,101.0,86.0,71.0,,53.0,38.0,,,,,   <person>
222,,,,207.0,192.0,177.0,162.0,147.0,132.0,117.0,102.0,87.0,72.0,,54.0,39.0,,,,,      <name>cindy</name>
223,,,,208.0,193.0,178.0,163.0,148.0,133.0,118.0,103.0,88.0,73.0,,55.0,40.0,,,,,      <height>66.49</height>
224,,,,209.0,194.0,179.0,164.0,149.0,134.0,119.0,104.0,89.0,74.0,,56.0,41.0,,,,,      <weight>127.45</weight>
225,,,,210.0,195.0,180.0,165.0,150.0,135.0,120.0,105.0,90.0,75.0,,57.0,42.0,,,,,   </person>
226,,,,211.0,196.0,181.0,166.0,151.0,136.0,121.0,106.0,91.0,76.0,,58.0,43.0,,,,,   <person>
227,,,,212.0,197.0,182.0,167.0,152.0,137.0,122.0,107.0,92.0,77.0,,59.0,44.0,,,,,      <name>ivan</name>
228,,,,213.0,198.0,183.0,168.0,153.0,138.0,123.0,108.0,93.0,78.0,,60.0,45.0,,,,,      <height>67.62</height>
229,,,,214.0,199.0,184.0,169.0,154.0,139.0,124.0,109.0,94.0,79.0,,61.0,46.0,,,,,      <weight>114.14</weight>
230,,,,215.0,200.0,185.0,170.0,155.0,140.0,125.0,110.0,95.0,80.0,,62.0,47.0,,,,,   </person>
231,,,,216.0,201.0,186.0,171.0,156.0,141.0,126.0,111.0,96.0,81.0,,63.0,48.0,,,,,</data>
232,,,,217.0,202.0,187.0,172.0,157.0,142.0,127.0,112.0,97.0,82.0,,64.0,49.0,,,,,<data>
233,,,,218.0,203.0,188.0,173.0,158.0,143.0,128.0,113.0,98.0,83.0,,65.0,50.0,,,,,   <person>
234,,,,219.0,204.0,189.0,174.0,159.0,144.0,129.0,114.0,99.0,84.0,,66.0,51.0,,,,,      <name>simon</name>
235,,,,220.0,205.0,190.0,175.0,160.0,145.0,130.0,115.0,100.0,85.0,,67.0,52.0,,,,,      <height>67.90</height>
236,,,,221.0,206.0,191.0,176.0,161.0,146.0,131.0,116.0,101.0,86.0,,68.0,53.0,,,,,      <weight>112.37</weight>
237,,,,222.0,207.0,192.0,177.0,162.0,147.0,132.0,117.0,102.0,87.0,,69.0,54.0,,,,,   </person>
238,,,,223.0,208.0,193.0,178.0,163.0,148.0,133.0,118.0,103.0,88.0,,70.0,55.0,,,,,   <person>
239,,,,224.0,209.0,194.0,179.0,164.0,149.0,134.0,119.0,104.0,89.0,,71.0,56.0,,,,,      <name>jacob</name>
240,,,,225.0,210.0,195.0,180.0,165.0,150.0,135.0,120.0,105.0,90.0,,72.0,57.0,,,,,      <height>66.78</height>
241,,,,226.0,211.0,196.0,181.0,166.0,151.0,136.0,121.0,106.0,91.0,,73.0,58.0,,,,,      <weight>120.67</weight>
242,,,,227.0,212.0,197.0,182.0,167.0,152.0,137.0,122.0,107.0,92.0,,74.0,59.0,,,,,   </person>
243,,,,228.0,213.0,198.0,183.0,168.0,153.0,138.0,123.0,108.0,93.0,,75.0,60.0,,,,,   <person>
244,,,,229.0,214.0,199.0,184.0,169.0,154.0,139.0,124.0,109.0,94.0,,76.0,61.0,,,,,      <name>cindy</name>
245,,,,230.0,215.0,200.0,185.0,170.0,155.0,140.0,125.0,110.0,95.0,,77.0,62.0,,,,,      <height>66.49</height>
246,,,,231.0,216.0,201.0,186.0,171.0,156.0,141.0,126.0,111.0,96.0,,78.0,63.0,,,,,      <weight>127.45</weight>
247,,,,232.0,217.0,202.0,187.0,172.0,157.0,142.0,127.0,112.0,97.0,,79.0,64.0,,,,,   </person>
248,,,,233.0,218.0,203.0,188.0,173.0,158.0,143.0,128.0,113.0,98.0,,80.0,65.0,,,,,   <person>
249,,,,234.0,219.0,204.0,189.0,174.0,159.0,144.0,129.0,114.0,99.0,,81.0,66.0,,,,,      <name>ivan</name>
250,,,,235.0,220.0,205.0,190.0,175.0,160.0,145.0,130.0,115.0,100.0,,82.0,67.0,,,,,      <height>67.62</height>
251,,,,236.0,221.0,206.0,191.0,176.0,161.0,146.0,131.0,116.0,101.0,,83.0,68.0,,,,,      <weight>114.14</weight>
252,,,,237.0,222.0,207.0,192.0,177.0,162.0,147.0,132.0,117.0,102.0,,84.0,69.0,,,,,   </person>
253,,,,238.0,223.0,208.0,193.0,178.0,163.0,148.0,133.0,118.0,103.0,,85.0,70.0,,,,,</data>
254,,,,239.0,224.0,209.0,194.0,179.0,164.0,149.0,134.0,119.0,104.0,,86.0,71.0,,,,,<data>
255,,,,240.0,225.0,210.0,195.0,180.0,165.0,150.0,135.0,120.0,105.0,,87.0,72.0,,,,,   <person>
256,,,,241.0,226.0,211.0,196.0,181.0,166.0,151.0,136.0,121.0,106.0,,88.0,73.0,,,,,      <name>simon</name>
257,,,,242.0,227.0,212.0,197.0,182.0,167.0,152.0,137.0,122.0,107.0,,89.0,74.0,,,,,      <height>67.90</height>
258,,,,243.0,228.0,213.0,198.0,183.0,168.0,153.0,138.0,123.0,108.0,,90.0,75.0,,,,,      <weight>112.37</weight>
259,,,,244.0,229.0,214.0,199.0,184.0,169.0,154.0,139.0,124.0,109.0,,91.0,76.0,,,,,   </person>
260,,,,245.0,230.0,215.0,200.0,185.0,170.0,155.0,140.0,125.0,110.0,,92.0,77.0,,,,,   <person>
261,,,,246.0,231.0,216.0,201.0,186.0,171.0,156.0,141.0,126.0,111.0,,93.0,78.0,,,,,      <name>jacob</name>
262,,,,247.0,232.0,217.0,202.0,187.0,172.0,157.0,142.0,127.0,112.0,,94.0,79.0,,,,,      <height>66.78</height>
263,,,,248.0,233.0,218.0,203.0,188.0,173.0,158.0,143.0,128.0,113.0,,95.0,80.0,,,,,      <weight>120.67</weight>
264,,,,249.0,234.0,219.0,204.0,189.0,174.0,159.0,144.0,129.0,114.0,,96.0,81.0,,,,,   </person>
265,,,,250.0,235.0,220.0,205.0,190.0,175.0,160.0,145.0,130.0,115.0,,97.0,82.0,,,,,   <person>
266,,,,251.0,236.0,221.0,206.0,191.0,176.0,161.0,146.0,131.0,116.0,,98.0,83.0,,,,,      <name>cindy</name>
267,,,,252.0,237.0,222.0,207.0,192.0,177.0,162.0,147.0,132.0,117.0,,99.0,84.0,,,,,      <height>66.49</height>
268,,,,253.0,238.0,223.0,208.0,193.0,178.0,163.0,148.0,133.0,118.0,,100.0,85.0,,,,,      <weight>127.45</weight>
269,,,,254.0,239.0,224.0,209.0,194.0,179.0,164.0,149.0,134.0,119.0,,101.0,86.0,,,,,   </person>
270,,,,255.0,240.0,225.0,210.0,195.0,180.0,165.0,150.0,135.0,120.0,,102.0,87.0,,,,,   <person>
271,,,,256.0,241.0,226.0,211.0,196.0,181.0,166.0,151.0,136.0,121.0,,103.0,88.0,,,,,      <name>ivan</name>
272,,,,257.0,242.0,227.0,212.0,197.0,182.0,167.0,152.0,137.0,122.0,,104.0,89.0,,,,,      <height>67.62</height>
273,,,,258.0,243.0,228.0,213.0,198.0,183.0,168.0,153.0,138.0,123.0,,105.0,90.0,,,,,      <weight>114.14</weight>
274,,,,259.0,244.0,229.0,214.0,199.0,184.0,169.0,154.0,139.0,124.0,,106.0,91.0,,,,,   </person>
275,,,,260.0,245.0,230.0,215.0,200.0,185.0,170.0,155.0,140.0,125.0,,107.0,92.0,,,,,</data>
276,jack,0.0,0.01,261.0,246.0,231.0,216.0,201.0,186.0,171.0,156.0,141.0,126.0,,108.0,,,,,,
277,tom,0.0,0.01,262.0,247.0,232.0,217.0,202.0,187.0,172.0,157.0,142.0,127.0,,109.0,,,,,,
278,tracy,0.0,0.01,263.0,248.0,233.0,218.0,203.0,188.0,173.0,158.0,143.0,128.0,,110.0,,,,,,
279,john,0.0,0.01,264.0,249.0,234.0,219.0,204.0,189.0,174.0,159.0,144.0,129.0,,111.0,,,,,,
280,jack,0.0,0.01,265.0,250.0,235.0,220.0,205.0,190.0,175.0,160.0,145.0,130.0,,112.0,,,,,,
281,tom,0.0,0.01,266.0,251.0,236.0,221.0,206.0,191.0,176.0,161.0,146.0,131.0,,113.0,,,,,,
282,tracy,0.0,0.01,267.0,252.0,237.0,222.0,207.0,192.0,177.0,162.0,147.0,132.0,,114.0,,,,,,
283,john,0.0,0.01,268.0,253.0,238.0,223.0,208.0,193.0,178.0,163.0,148.0,133.0,,115.0,,,,,,
284,jack,0.0,0.01,269.0,254.0,239.0,224.0,209.0,194.0,179.0,164.0,149.0,134.0,,116.0,,,,,,
285,tom,0.0,0.01,270.0,255.0,240.0,225.0,210.0,195.0,180.0,165.0,150.0,135.0,,117.0,,,,,,
286,tracy,0.0,0.01,271.0,256.0,241.0,226.0,211.0,196.0,181.0,166.0,151.0,136.0,,118.0,,,,,,
287,john,0.0,0.01,272.0,257.0,242.0,227.0,212.0,197.0,182.0,167.0,152.0,137.0,,119.0,,,,,,
288,simon,0.0,0.01,273.0,258.0,243.0,228.0,213.0,198.0,183.0,168.0,153.0,138.0,,120.0,,,,,,
289,jacob,0.0,0.01,274.0,259.0,244.0,229.0,214.0,199.0,184.0,169.0,154.0,139.0,,121.0,,,,,,
290,cindy,0.0,0.01,275.0,260.0,245.0,230.0,215.0,200.0,185.0,170.0,155.0,140.0,,122.0,,,,,,
291,ivan,0.0,0.01,276.0,261.0,246.0,231.0,216.0,201.0,186.0,171.0,156.0,141.0,,123.0,,,,,,
292,simon,0.0,0.01,277.0,262.0,247.0,232.0,217.0,202.0,187.0,172.0,157.0,142.0,,124.0,,,,,,
293,jacob,0.0,0.01,278.0,263.0,248.0,233.0,218.0,203.0,188.0,173.0,158.0,143.0,,125.0,,,,,,
294,cindy,0.0,0.01,279.0,264.0,249.0,234.0,219.0,204.0,189.0,174.0,159.0,144.0,,126.0,,,,,,
295,ivan,0.0,0.01,280.0,265.0,250.0,235.0,220.0,205.0,190.0,175.0,160.0,145.0,,127.0,,,,,,
296,simon,0.0,0.01,281.0,266.0,251.0,236.0,221.0,206.0,191.0,176.0,161.0,146.0,,128.0,,,,,,
297,jacob,0.0,0.01,282.0,267.0,252.0,237.0,222.0,207.0,192.0,177.0,162.0,147.0,,129.0,,,,,,
298,cindy,0.0,0.01,283.0,268.0,253.0,238.0,223.0,208.0,193.0,178.0,163.0,148.0,,130.0,,,,,,
299,ivan,0.0,0.01,284.0,269.0,254.0,239.0,224.0,209.0,194.0,179.0,164.0,149.0,,131.0,,,,,,
300,,,,285.0,270.0,255.0,240.0,225.0,210.0,195.0,180.0,165.0,150.0,,,,,"{""name"":""tom""",height:69.80,weight:141.49},
301,,,,286.0,271.0,256.0,241.0,226.0,211.0,196.0,181.0,166.0,151.0,,,,,"{""name"":""tracy""",height:70.01,weight:136.46},
302,,,,287.0,272.0,257.0,242.0,227.0,212.0,197.0,182.0,167.0,152.0,,,,,"{""name"":""john""",height:67.90,weight:112.37},
303,,,,288.0,273.0,258.0,243.0,228.0,213.0,198.0,183.0,168.0,153.0,,,,,"{""name"":""tom""",height:69.80,weight:141.49},
304,,,,289.0,274.0,259.0,244.0,229.0,214.0,199.0,184.0,169.0,154.0,,,,,"{""name"":""tracy""",height:70.01,weight:136.46},
305,,,,290.0,275.0,260.0,245.0,230.0,215.0,200.0,185.0,170.0,155.0,,,,,"{""name"":""john""",height:67.90,weight:112.37},
306,,,,291.0,276.0,261.0,246.0,231.0,216.0,201.0,186.0,171.0,156.0,,,,,"{""name"":""tom""",height:69.80,weight:141.49},
307,,,,292.0,277.0,262.0,247.0,232.0,217.0,202.0,187.0,172.0,157.0,,,,,"{""name"":""tracy""",height:70.01,weight:136.46},
308,,,,293.0,278.0,263.0,248.0,233.0,218.0,203.0,188.0,173.0,158.0,,,,,"{""name"":""john""",height:67.90,weight:112.37},
309,,,,294.0,279.0,264.0,249.0,234.0,219.0,204.0,189.0,174.0,159.0,,,,,,,,<data>
310,,,,295.0,280.0,265.0,250.0,235.0,220.0,205.0,190.0,175.0,160.0,,,,,,,,   <person>
311,,,,296.0,281.0,266.0,251.0,236.0,221.0,206.0,191.0,176.0,161.0,,,,,,,,      <name>simon</name>
312,,,,297.0,282.0,267.0,252.0,237.0,222.0,207.0,192.0,177.0,162.0,,,,,,,,      <height>67.90</height>
313,,,,298.0,283.0,268.0,253.0,238.0,223.0,208.0,193.0,178.0,163.0,,,,,,,,      <weight>112.37</weight>
314,,,,299.0,284.0,269.0,254.0,239.0,224.0,209.0,194.0,179.0,164.0,,,,,,,,   </person>
315,,,,300.0,285.0,270.0,255.0,240.0,225.0,210.0,195.0,180.0,165.0,,,,,,,,   <person>
316,,,,301.0,286.0,271.0,256.0,241.0,226.0,211.0,196.0,181.0,166.0,,,,,,,,      <name>jacob</name>
317,,,,302.0,287.0,272.0,257.0,242.0,227.0,212.0,197.0,182.0,167.0,,,,,,,,      <height>66.78</height>
318,,,,303.0,288.0,273.0,258.0,243.0,228.0,213.0,198.0,183.0,168.0,,,,,,,,      <weight>120.67</weight>
319,,,,304.0,289.0,274.0,259.0,244.0,229.0,214.0,199.0,184.0,169.0,,,,,,,,   </person>
320,,,,305.0,290.0,275.0,260.0,245.0,230.0,215.0,200.0,185.0,170.0,,,,,,,,   <person>
321,,,,306.0,291.0,276.0,261.0,246.0,231.0,216.0,201.0,186.0,171.0,,,,,,,,      <name>cindy</name>
322,,,,307.0,292.0,277.0,262.0,247.0,232.0,217.0,202.0,187.0,172.0,,,,,,,,      <height>66.49</height>
323,,,,308.0,293.0,278.0,263.0,248.0,233.0,218.0,203.0,188.0,173.0,,,,,,,,      <weight>127.45</weight>
324,,,,309.0,294.0,279.0,264.0,249.0,234.0,219.0,204.0,189.0,174.0,,,,,,,,   </person>
325,,,,310.0,295.0,280.0,265.0,250.0,235.0,220.0,205.0,190.0,175.0,,,,,,,,   <person>
326,,,,311.0,296.0,281.0,266.0,251.0,236.0,221.0,206.0,191.0,176.0,,,,,,,,      <name>ivan</name>
327,,,,312.0,297.0,282.0,267.0,252.0,237.0,222.0,207.0,192.0,177.0,,,,,,,,      <height>67.62</height>
328,,,,313.0,298.0,283.0,268.0,253.0,238.0,223.0,208.0,193.0,178.0,,,,,,,,      <weight>114.14</weight>
329,,,,314.0,299.0,284.0,269.0,254.0,239.0,224.0,209.0,194.0,179.0,,,,,,,,   </person>
330,,,,315.0,300.0,285.0,270.0,255.0,240.0,225.0,210.0,195.0,180.0,,,,,,,,</data>
331,,,,316.0,301.0,286.0,271.0,256.0,241.0,226.0,211.0,196.0,181.0,,,,,,,,<data>
332,,,,317.0,302.0,287.0,272.0,257.0,242.0,227.0,212.0,197.0,182.0,,,,,,,,   <person>
333,,,,318.0,303.0,288.0,273.0,258.0,243.0,228.0,213.0,198.0,183.0,,,,,,,,      <name>simon</name>
334,,,,319.0,304.0,289.0,274.0,259.0,244.0,229.0,214.0,199.0,184.0,,,,,,,,      <height>67.90</height>
335,,,,320.0,305.0,290.0,275.0,260.0,245.0,230.0,215.0,200.0,185.0,,,,,,,,      <weight>112.37</weight>
336,,,,321.0,306.0,291.0,276.0,261.0,246.0,231.0,216.0,201.0,186.0,,,,,,,,   </person>
337,,,,322.0,307.0,292.0,277.0,262.0,247.0,232.0,217.0,202.0,187.0,,,,,,,,   <person>
338,,,,323.0,308.0,293.0,278.0,263.0,248.0,233.0,218.0,203.0,188.0,,,,,,,,      <name>jacob</name>
339,,,,324.0,309.0,294.0,279.0,264.0,249.0,234.0,219.0,204.0,189.0,,,,,,,,      <height>66.78</height>
340,,,,325.0,310.0,295.0,280.0,265.0,250.0,235.0,220.0,205.0,190.0,,,,,,,,      <weight>120.67</weight>
341,,,,326.0,311.0,296.0,281.0,266.0,251.0,236.0,221.0,206.0,191.0,,,,,,,,   </person>
342,,,,327.0,312.0,297.0,282.0,267.0,252.0,237.0,222.0,207.0,192.0,,,,,,,,   <person>
343,,,,328.0,313.0,298.0,283.0,268.0,253.0,238.0,223.0,208.0,193.0,,,,,,,,      <name>cindy</name>
344,,,,329.0,314.0,299.0,284.0,269.0,254.0,239.0,224.0,209.0,194.0,,,,,,,,      <height>66.49</height>
345,,,,330.0,315.0,300.0,285.0,270.0,255.0,240.0,225.0,210.0,195.0,,,,,,,,      <weight>127.45</weight>
346,,,,331.0,316.0,301.0,286.0,271.0,256.0,241.0,226.0,211.0,196.0,,,,,,,,   </person>
347,,,,332.0,317.0,302.0,287.0,272.0,257.0,242.0,227.0,212.0,197.0,,,,,,,,   <person>
348,,,,333.0,318.0,303.0,288.0,273.0,258.0,243.0,228.0,213.0,198.0,,,,,,,,      <name>ivan</name>
349,,,,334.0,319.0,304.0,289.0,274.0,259.0,244.0,229.0,214.0,199.0,,,,,,,,      <height>67.62</height>
350,,,,335.0,320.0,305.0,290.0,275.0,260.0,245.0,230.0,215.0,200.0,,,,,,,,      <weight>114.14</weight>
351,,,,336.0,321.0,306.0,291.0,276.0,261.0,246.0,231.0,216.0,201.0,,,,,,,,   </person>
352,,,,337.0,322.0,307.0,292.0,277.0,262.0,247.0,232.0,217.0,202.0,,,,,,,,</data>
353,,,,338.0,323.0,308.0,293.0,278.0,263.0,248.0,233.0,218.0,203.0,,,,,,,,<data>
354,,,,339.0,324.0,309.0,294.0,279.0,264.0,249.0,234.0,219.0,204.0,,,,,,,,   <person>
355,,,,340.0,325.0,310.0,295.0,280.0,265.0,250.0,235.0,220.0,205.0,,,,,,,,      <name>simon</name>
356,,,,341.0,326.0,311.0,296.0,281.0,266.0,251.0,236.0,221.0,206.0,,,,,,,,      <height>67.90</height>
357,,,,342.0,327.0,312.0,297.0,282.0,267.0,252.0,237.0,222.0,207.0,,,,,,,,      <weight>112.37</weight>
358,,,,343.0,328.0,313.0,298.0,283.0,268.0,253.0,238.0,223.0,208.0,,,,,,,,   </person>
359,,,,344.0,329.0,314.0,299.0,284.0,269.0,254.0,239.0,224.0,209.0,,,,,,,,   <person>
360,,,,345.0,330.0,315.0,300.0,285.0,270.0,255.0,240.0,225.0,210.0,,,,,,,,      <name>jacob</name>
361,,,,346.0,331.0,316.0,301.0,286.0,271.0,256.0,241.0,226.0,211.0,,,,,,,,      <height>66.78</height>
362,,,,347.0,332.0,317.0,302.0,287.0,272.0,257.0,242.0,227.0,212.0,,,,,,,,      <weight>120.67</weight>
363,,,,348.0,333.0,318.0,303.0,288.0,273.0,258.0,243.0,228.0,213.0,,,,,,,,   </person>
364,,,,349.0,334.0,319.0,304.0,289.0,274.0,259.0,244.0,229.0,214.0,,,,,,,,   <person>
365,,,,350.0,335.0,320.0,305.0,290.0,275.0,260.0,245.0,230.0,215.0,,,,,,,,      <name>cindy</name>
366,,,,351.0,336.0,321.0,306.0,291.0,276.0,261.0,246.0,231.0,216.0,,,,,,,,      <height>66.49</height>
367,,,,352.0,337.0,322.0,307.0,292.0,277.0,262.0,247.0,232.0,217.0,,,,,,,,      <weight>127.45</weight>
368,,,,353.0,338.0,323.0,308.0,293.0,278.0,263.0,248.0,233.0,218.0,,,,,,,,   </person>
369,,,,354.0,339.0,324.0,309.0,294.0,279.0,264.0,249.0,234.0,219.0,,,,,,,,   <person>
370,,,,355.0,340.0,325.0,310.0,295.0,280.0,265.0,250.0,235.0,220.0,,,,,,,,      <name>ivan</name>
371,,,,356.0,341.0,326.0,311.0,296.0,281.0,266.0,251.0,236.0,221.0,,,,,,,,      <height>67.62</height>
372,,,,357.0,342.0,327.0,312.0,297.0,282.0,267.0,252.0,237.0,222.0,,,,,,,,      <weight>114.14</weight>
373,,,,358.0,343.0,328.0,313.0,298.0,283.0,268.0,253.0,238.0,223.0,,,,,,,,   </person>
374,,,,359.0,344.0,329.0,314.0,299.0,284.0,269.0,254.0,239.0,224.0,,,,,,,,</data>
375,,,,360.0,345.0,330.0,315.0,300.0,285.0,270.0,255.0,240.0,,,,,,"{""name"":""tom""",height:69.80,weight:141.49},
376,,,,361.0,346.0,331.0,316.0,301.0,286.0,271.0,256.0,241.0,,,,,,"{""name"":""tracy""",height:70.01,weight:136.46},
377,,,,362.0,347.0,332.0,317.0,302.0,287.0,272.0,257.0,242.0,,,,,,"{""name"":""john""",height:67.90,weight:112.37},
378,,,,363.0,348.0,333.0,318.0,303.0,288.0,273.0,258.0,243.0,,,,,,"{""name"":""tom""",height:69.80,weight:141.49},
379,,,,364.0,349.0,334.0,319.0,304.0,289.0,274.0,259.0,244.0,,,,,,"{""name"":""tracy""",height:70.01,weight:136.46},
380,,,,365.0,350.0,335.0,320.0,305.0,290.0,275.0,260.0,245.0,,,,,,"{""name"":""john""",height:67.90,weight:112.37},
381,,,,366.0,351.0,336.0,321.0,306.0,291.0,276.0,261.0,246.0,,,,,,"{""name"":""tom""",height:69.80,weight:141.49},
382,,,,367.0,352.0,337.0,322.0,307.0,292.0,277.0,262.0,247.0,,,,,,"{""name"":""tracy""",height:70.01,weight:136.46},
383,,,,368.0,353.0,338.0,323.0,308.0,293.0,278.0,263.0,248.0,,,,,,"{""name"":""john""",height:67.90,weight:112.37},
384,,,,369.0,354.0,339.0,324.0,309.0,294.0,279.0,264.0,249.0,,,,,,,,,<data>
385,,,,370.0,355.0,340.0,325.0,310.0,295.0,280.0,265.0,250.0,,,,,,,,,   <person>
386,,,,371.0,356.0,341.0,326.0,311.0,296.0,281.0,266.0,251.0,,,,,,,,,      <name>simon</name>
387,,,,372.0,357.0,342.0,327.0,312.0,297.0,282.0,267.0,252.0,,,,,,,,,      <height>67.90</height>
388,,,,373.0,358.0,343.0,328.0,313.0,298.0,283.0,268.0,253.0,,,,,,,,,      <weight>112.37</weight>
389,,,,374.0,359.0,344.0,329.0,314.0,299.0,284.0,269.0,254.0,,,,,,,,,   </person>
390,,,,375.0,360.0,345.0,330.0,315.0,300.0,285.0,270.0,255.0,,,,,,,,,   <person>
391,,,,376.0,361.0,346.0,331.0,316.0,301.0,286.0,271.0,256.0,,,,,,,,,      <name>jacob</name>
392,,,,377.0,362.0,347.0,332.0,317.0,302.0,287.0,272.0,257.0,,,,,,,,,      <height>66.78</height>
393,,,,378.0,363.0,348.0,333.0,318.0,303.0,288.0,273.0,258.0,,,,,,,,,      <weight>120.67</weight>
394,,,,379.0,364.0,349.0,334.0,319.0,304.0,289.0,274.0,259.0,,,,,,,,,   </person>
395,,,,380.0,365.0,350.0,335.0,320.0,305.0,290.0,275.0,260.0,,,,,,,,,   <person>
396,,,,381.0,366.0,351.0,336.0,321.0,306.0,291.0,276.0,261.0,,,,,,,,,      <name>cindy</name>
397,,,,382.0,367.0,352.0,337.0,322.0,307.0,292.0,277.0,262.0,,,,,,,,,      <height>66.49</height>
398,,,,383.0,368.0,353.0,338.0,323.0,308.0,293.0,278.0,263.0,,,,,,,,,      <weight>127.45</weight>
399,,,,384.0,369.0,354.0,339.0,324.0,309.0,294.0,279.0,264.0,,,,,,,,,   </person>
400,,,,385.0,370.0,355.0,340.0,325.0,310.0,295.0,280.0,265.0,,,,,,,,,   <person>
401,,,,386.0,371.0,356.0,341.0,326.0,311.0,296.0,281.0,266.0,,,,,,,,,      <name>ivan</name>
402,,,,387.0,372.0,357.0,342.0,327.0,312.0,297.0,282.0,267.0,,,,,,,,,      <height>67.62</height>
403,,,,388.0,373.0,358.0,343.0,328.0,313.0,298.0,283.0,268.0,,,,,,,,,      <weight>114.14</weight>
404,,,,389.0,374.0,359.0,344.0,329.0,314.0,299.0,284.0,269.0,,,,,,,,,   </person>
405,,,,390.0,375.0,360.0,345.0,330.0,315.0,300.0,285.0,270.0,,,,,,,,,</data>
406,,,,391.0,376.0,361.0,346.0,331.0,316.0,301.0,286.0,271.0,,,,,,,,,<data>
407,,,,392.0,377.0,362.0,347.0,332.0,317.0,302.0,287.0,272.0,,,,,,,,,   <person>
408,,,,393.0,378.0,363.0,348.0,333.0,318.0,303.0,288.0,273.0,,,,,,,,,      <name>simon</name>
409,,,,394.0,379.0,364.0,349.0,334.0,319.0,304.0,289.0,274.0,,,,,,,,,      <height>67.90</height>
410,,,,395.0,380.0,365.0,350.0,335.0,320.0,305.0,290.0,275.0,,,,,,,,,      <weight>112.37</weight>
411,,,,396.0,381.0,366.0,351.0,336.0,321.0,306.0,291.0,276.0,,,,,,,,,   </person>
412,,,,397.0,382.0,367.0,352.0,337.0,322.0,307.0,292.0,277.0,,,,,,,,,   <person>
413,,,,398.0,383.0,368.0,353.0,338.0,323.0,308.0,293.0,278.0,,,,,,,,,      <name>jacob</name>
414,,,,399.0,384.0,369.0,354.0,339.0,324.0,309.0,294.0,279.0,,,,,,,,,      <height>66.78</height>
415,,,,400.0,385.0,370.0,355.0,340.0,325.0,310.0,295.0,280.0,,,,,,,,,      <weight>120.67</weight>
416,,,,401.0,386.0,371.0,356.0,341.0,326.0,311.0,296.0,281.0,,,,,,,,,   </person>
417,,,,402.0,387.0,372.0,357.0,342.0,327.0,312.0,297.0,282.0,,,,,,,,,   <person>
418,,,,403.0,388.0,373.0,358.0,343.0,328.0,313.0,298.0,283.0,,,,,,,,,      <name>cindy</name>
419,,,,404.0,389.0,374.0,359.0,344.0,329.0,314.0,299.0,284.0,,,,,,,,,      <height>66.49</height>
420,,,,405.0,390.0,375.0,360.0,345.0,330.0,315.0,300.0,285.0,,,,,,,,,      <weight>127.45</weight>
421,,,,406.0,391.0,376.0,361.0,346.0,331.0,316.0,301.0,286.0,,,,,,,,,   </person>
422,,,,407.0,392.0,377.0,362.0,347.0,332.0,317.0,302.0,287.0,,,,,,,,,   <person>
423,,,,408.0,393.0,378.0,363.0,348.0,333.0,318.0,303.0,288.0,,,,,,,,,      <name>ivan</name>
424,,,,409.0,394.0,379.0,364.0,349.0,334.0,319.0,304.0,289.0,,,,,,,,,      <height>67.62</height>
425,,,,410.0,395.0,380.0,365.0,350.0,335.0,320.0,305.0,290.0,,,,,,,,,      <weight>114.14</weight>
426,,,,411.0,396.0,381.0,366.0,351.0,336.0,321.0,306.0,291.0,,,,,,,,,   </person>
427,,,,412.0,397.0,382.0,367.0,352.0,337.0,322.0,307.0,292.0,,,,,,,,,</data>
428,,,,413.0,398.0,383.0,368.0,353.0,338.0,323.0,308.0,293.0,,,,,,,,,<data>
429,,,,414.0,399.0,384.0,369.0,354.0,339.0,324.0,309.0,294.0,,,,,,,,,   <person>
430,,,,415.0,400.0,385.0,370.0,355.0,340.0,325.0,310.0,295.0,,,,,,,,,      <name>simon</name>
431,,,,416.0,401.0,386.0,371.0,356.0,341.0,326.0,311.0,296.0,,,,,,,,,      <height>67.90</height>
432,,,,417.0,402.0,387.0,372.0,357.0,342.0,327.0,312.0,297.0,,,,,,,,,      <weight>112.37</weight>
433,,,,418.0,403.0,388.0,373.0,358.0,343.0,328.0,313.0,298.0,,,,,,,,,   </person>
434,,,,419.0,404.0,389.0,374.0,359.0,344.0,329.0,314.0,299.0,,,,,,,,,   <person>
435,,,,420.0,405.0,390.0,375.0,360.0,345.0,330.0,315.0,300.0,,,,,,,,,      <name>jacob</name>
436,,,,421.0,406.0,391.0,376.0,361.0,346.0,331.0,316.0,301.0,,,,,,,,,      <height>66.78</height>
437,,,,422.0,407.0,392.0,377.0,362.0,347.0,332.0,317.0,302.0,,,,,,,,,      <weight>120.67</weight>
438,,,,423.0,408.0,393.0,378.0,363.0,348.0,333.0,318.0,303.0,,,,,,,,,   </person>
439,,,,424.0,409.0,394.0,379.0,364.0,349.0,334.0,319.0,304.0,,,,,,,,,   <person>
440,,,,425.0,410.0,395.0,380.0,365.0,350.0,335.0,320.0,305.0,,,,,,,,,      <name>cindy</name>
441,,,,426.0,411.0,396.0,381.0,366.0,351.0,336.0,321.0,306.0,,,,,,,,,      <height>66.49</height>
442,,,,427.0,412.0,397.0,382.0,367.0,352.0,337.0,322.0,307.0,,,,,,,,,      <weight>127.45</weight>
443,,,,428.0,413.0,398.0,383.0,368.0,353.0,338.0,323.0,308.0,,,,,,,,,   </person>
444,,,,429.0,414.0,399.0,384.0,369.0,354.0,339.0,324.0,309.0,,,,,,,,,   <person>
445,,,,430.0,415.0,400.0,385.0,370.0,355.0,340.0,325.0,310.0,,,,,,,,,      <name>ivan</name>
446,,,,431.0,416.0,401.0,386.0,371.0,356.0,341.0,326.0,311.0,,,,,,,,,      <height>67.62</height>
447,,,,432.0,417.0,402.0,387.0,372.0,357.0,342.0,327.0,312.0,,,,,,,,,      <weight>114.14</weight>
448,,,,433.0,418.0,403.0,388.0,373.0,358.0,343.0,328.0,313.0,,,,,,,,,   </person>
449,,,,434.0,419.0,404.0,389.0,374.0,359.0,344.0,329.0,314.0,,,,,,,,,</data>
450,,,,435.0,420.0,405.0,390.0,375.0,360.0,345.0,330.0,,,,,,,"{""name"":""tom""",height:69.80,weight:141.49},
451,,,,436.0,421.0,406.0,391.0,376.0,361.0,346.0,331.0,,,,,,,"{""name"":""tracy""",height:70.01,weight:136.46},
452,,,,437.0,422.0,407.0,392.0,377.0,362.0,347.0,332.0,,,,,,,"{""name"":""john""",height:67.90,weight:112.37},
453,,,,438.0,423.0,408.0,393.0,378.0,363.0,348.0,333.0,,,,,,,"{""name"":""tom""",height:69.80,weight:141.49},
454,,,,439.0,424.0,409.0,394.0,379.0,364.0,349.0,334.0,,,,,,,"{""name"":""tracy""",height:70.01,weight:136.46},
455,,,,440.0,425.0,410.0,395.0,380.0,365.0,350.0,335.0,,,,,,,"{""name"":""john""",height:67.90,weight:112.37},
456,,,,441.0,426.0,411.0,396.0,381.0,366.0,351.0,336.0,,,,,,,"{""name"":""tom""",height:69.80,weight:141.49},
457,,,,442.0,427.0,412.0,397.0,382.0,367.0,352.0,337.0,,,,,,,"{""name"":""tracy""",height:70.01,weight:136.46},
458,,,,443.0,428.0,413.0,398.0,383.0,368.0,353.0,338.0,,,,,,,"{""name"":""john""",height:67.90,weight:112.37},
459,,,,444.0,429.0,414.0,399.0,384.0,369.0,354.0,339.0,,,,,,,,,,<data>
460,,,,445.0,430.0,415.0,400.0,385.0,370.0,355.0,340.0,,,,,,,,,,   <person>
461,,,,446.0,431.0,416.0,401.0,386.0,371.0,356.0,341.0,,,,,,,,,,      <name>simon</name>
462,,,,447.0,432.0,417.0,402.0,387.0,372.0,357.0,342.0,,,,,,,,,,      <height>67.90</height>
463,,,,448.0,433.0,418.0,403.0,388.0,373.0,358.0,343.0,,,,,,,,,,      <weight>112.37</weight>
464,,,,449.0,434.0,419.0,404.0,389.0,374.0,359.0,344.0,,,,,,,,,,   </person>
465,,,,450.0,435.0,420.0,405.0,390.0,375.0,360.0,345.0,,,,,,,,,,   <person>
466,,,,451.0,436.0,421.0,406.0,391.0,376.0,361.0,346.0,,,,,,,,,,      <name>jacob</name>
467,,,,452.0,437.0,422.0,407.0,392.0,377.0,362.0,347.0,,,,,,,,,,      <height>66.78</height>
468,,,,453.0,438.0,423.0,408.0,393.0,378.0,363.0,348.0,,,,,,,,,,      <weight>120.67</weight>
469,,,,454.0,439.0,424.0,409.0,394.0,379.0,364.0,349.0,,,,,,,,,,   </person>
470,,,,455.0,440.0,425.0,410.0,395.0,380.0,365.0,350.0,,,,,,,,,,   <person>
471,,,,456.0,441.0,426.0,411.0,396.0,381.0,366.0,351.0,,,,,,,,,,      <name>cindy</name>
472,,,,457.0,442.0,427.0,412.0,397.0,382.0,367.0,352.0,,,,,,,,,,      <height>66.49</height>
473,,,,458.0,443.0,428.0,413.0,398.0,383.0,368.0,353.0,,,,,,,,,,      <weight>127.45</weight>
474,,,,459.0,444.0,429.0,414.0,399.0,384.0,369.0,354.0,,,,,,,,,,   </person>
475,,,,460.0,445.0,430.0,415.0,400.0,385.0,370.0,355.0,,,,,,,,,,   <person>
476,,,,461.0,446.0,431.0,416.0,401.0,386.0,371.0,356.0,,,,,,,,,,      <name>ivan</name>
477,,,,462.0,447.0,432.0,417.0,402.0,387.0,372.0,357.0,,,,,,,,,,      <height>67.62</height>
478,,,,463.0,448.0,433.0,418.0,403.0,388.0,373.0,358.0,,,,,,,,,,      <weight>114.14</weight>
479,,,,464.0,449.0,434.0,419.0,404.0,389.0,374.0,359.0,,,,,,,,,,   </person>
480,,,,465.0,450.0,435.0,420.0,405.0,390.0,375.0,360.0,,,,,,,,,,</data>
481,,,,466.0,451.0,436.0,421.0,406.0,391.0,376.0,361.0,,,,,,,,,,<data>
482,,,,467.0,452.0,437.0,422.0,407.0,392.0,377.0,362.0,,,,,,,,,,   <person>
483,,,,468.0,453.0,438.0,423.0,408.0,393.0,378.0,363.0,,,,,,,,,,      <name>simon</name>
484,,,,469.0,454.0,439.0,424.0,409.0,394.0,379.0,364.0,,,,,,,,,,      <height>67.90</height>
485,,,,470.0,455.0,440.0,425.0,410.0,395.0,380.0,365.0,,,,,,,,,,      <weight>112.37</weight>
486,,,,471.0,456.0,441.0,426.0,411.0,396.0,381.0,366.0,,,,,,,,,,   </person>
487,,,,472.0,457.0,442.0,427.0,412.0,397.0,382.0,367.0,,,,,,,,,,   <person>
488,,,,473.0,458.0,443.0,428.0,413.0,398.0,383.0,368.0,,,,,,,,,,      <name>jacob</name>
489,,,,474.0,459.0,444.0,429.0,414.0,399.0,384.0,369.0,,,,,,,,,,      <height>66.78</height>
490,,,,475.0,460.0,445.0,430.0,415.0,400.0,385.0,370.0,,,,,,,,,,      <weight>120.67</weight>
491,,,,476.0,461.0,446.0,431.0,416.0,401.0,386.0,371.0,,,,,,,,,,   </person>
492,,,,477.0,462.0,447.0,432.0,417.0,402.0,387.0,372.0,,,,,,,,,,   <person>
493,,,,478.0,463.0,448.0,433.0,418.0,403.0,388.0,373.0,,,,,,,,,,      <name>cindy</name>
494,,,,479.0,464.0,449.0,434.0,419.0,404.0,389.0,374.0,,,,,,,,,,      <height>66.49</height>
495,,,,480.0,465.0,450.0,435.0,420.0,405.0,390.0,375.0,,,,,,,,,,      <weight>127.45</weight>
496,,,,481.0,466.0,451.0,436.0,421.0,406.0,391.0,376.0,,,,,,,,,,   </person>
497,,,,482.0,467.0,452.0,437.0,422.0,407.0,392.0,377.0,,,,,,,,,,   <person>
498,,,,483.0,468.0,453.0,438.0,423.0,408.0,393.0,378.0,,,,,,,,,,      <name>ivan</name>
499,,,,484.0,469.0,454.0,439.0,424.0,409.0,394.0,379.0,,,,,,,,,,      <height>67.62</height>
500,,,,485.0,470.0,455.0,440.0,425.0,410.0,395.0,380.0,,,,,,,,,,      <weight>114.14</weight>
501,,,,486.0,471.0,456.0,441.0,426.0,411.0,396.0,381.0,,,,,,,,,,   </person>
502,,,,487.0,472.0,457.0,442.0,427.0,412.0,397.0,382.0,,,,,,,,,,</data>
503,,,,488.0,473.0,458.0,443.0,428.0,413.0,398.0,383.0,,,,,,,,,,<data>
504,,,,489.0,474.0,459.0,444.0,429.0,414.0,399.0,384.0,,,,,,,,,,   <person>
505,,,,490.0,475.0,460.0,445.0,430.0,415.0,400.0,385.0,,,,,,,,,,      <name>simon</name>
506,,,,491.0,476.0,461.0,446.0,431.0,416.0,401.0,386.0,,,,,,,,,,      <height>67.90</height>
507,,,,492.0,477.0,462.0,447.0,432.0,417.0,402.0,387.0,,,,,,,,,,      <weight>112.37</weight>
508,,,,493.0,478.0,463.0,448.0,433.0,418.0,403.0,388.0,,,,,,,,,,   </person>
509,,,,494.0,479.0,464.0,449.0,434.0,419.0,404.0,389.0,,,,,,,,,,   <person>
510,,,,495.0,480.0,465.0,450.0,435.0,420.0,405.0,390.0,,,,,,,,,,      <name>jacob</name>
511,,,,496.0,481.0,466.0,451.0,436.0,421.0,406.0,391.0,,,,,,,,,,      <height>66.78</height>
512,,,,497.0,482.0,467.0,452.0,437.0,422.0,407.0,392.0,,,,,,,,,,      <weight>120.67</weight>
513,,,,498.0,483.0,468.0,453.0,438.0,423.0,408.0,393.0,,,,,,,,,,   </person>
514,,,,499.0,484.0,469.0,454.0,439.0,424.0,409.0,394.0,,,,,,,,,,   <person>
515,,,,500.0,485.0,470.0,455.0,440.0,425.0,410.0,395.0,,,,,,,,,,      <name>cindy</name>
516,,,,501.0,486.0,471.0,456.0,441.0,426.0,411.0,396.0,,,,,,,,,,      <height>66.49</height>
517,,,,502.0,487.0,472.0,457.0,442.0,427.0,412.0,397.0,,,,,,,,,,      <weight>127.45</weight>
518,,,,503.0,488.0,473.0,458.0,443.0,428.0,413.0,398.0,,,,,,,,,,   </person>
519,,,,504.0,489.0,474.0,459.0,444.0,429.0,414.0,399.0,,,,,,,,,,   <person>
520,,,,505.0,490.0,475.0,460.0,445.0,430.0,415.0,400.0,,,,,,,,,,      <name>ivan</name>
521,,,,506.0,491.0,476.0,461.0,446.0,431.0,416.0,401.0,,,,,,,,,,      <height>67.62</height>
522,,,,507.0,492.0,477.0,462.0,447.0,432.0,417.0,402.0,,,,,,,,,,      <weight>114.14</weight>
523,,,,508.0,493.0,478.0,463.0,448.0,433.0,418.0,403.0,,,,,,,,,,   </person>
524,,,,509.0,494.0,479.0,464.0,449.0,434.0,419.0,404.0,,,,,,,,,,</data>
525,jack,0.0,0.22,510.0,495.0,480.0,465.0,450.0,435.0,420.0,,,,,,,,,,,
526,tom,0.0,0.25,511.0,496.0,481.0,466.0,451.0,436.0,421.0,,,,,,,,,,,
527,tracy,0.0,0.24,512.0,497.0,482.0,467.0,452.0,437.0,422.0,,,,,,,,,,,
528,john,0.0,0.2,513.0,498.0,483.0,468.0,453.0,438.0,423.0,,,,,,,,,,,
529,jack,0.0,0.22,514.0,499.0,484.0,469.0,454.0,439.0,424.0,,,,,,,,,,,
530,tom,0.0,0.25,515.0,500.0,485.0,470.0,455.0,440.0,425.0,,,,,,,,,,,
531,tracy,0.0,0.24,516.0,501.0,486.0,471.0,456.0,441.0,426.0,,,,,,,,,,,
532,john,0.0,0.2,517.0,502.0,487.0,472.0,457.0,442.0,427.0,,,,,,,,,,,
533,jack,0.0,0.22,518.0,503.0,488.0,473.0,458.0,443.0,428.0,,,,,,,,,,,
534,tom,0.0,0.25,519.0,504.0,489.0,474.0,459.0,444.0,429.0,,,,,,,,,,,
535,tracy,0.0,0.24,520.0,505.0,490.0,475.0,460.0,445.0,430.0,,,,,,,,,,,
536,john,0.0,0.2,521.0,506.0,491.0,476.0,461.0,446.0,431.0,,,,,,,,,,,
537,simon,0.0,0.2,522.0,507.0,492.0,477.0,462.0,447.0,432.0,,,,,,,,,,,
538,jacob,0.0,0.22,523.0,508.0,493.0,478.0,463.0,448.0,433.0,,,,,,,,,,,
539,cindy,0.0,0.23,524.0,509.0,494.0,479.0,464.0,449.0,434.0,,,,,,,,,,,
540,ivan,0.0,0.2,525.0,510.0,495.0,480.0,465.0,450.0,435.0,,,,,,,,,,,
541,simon,0.0,0.2,526.0,511.0,496.0,481.0,466.0,451.0,436.0,,,,,,,,,,,
542,jacob,0.0,0.22,527.0,512.0,497.0,482.0,467.0,452.0,437.0,,,,,,,,,,,
543,cindy,0.0,0.23,528.0,513.0,498.0,483.0,468.0,453.0,438.0,,,,,,,,,,,
544,ivan,0.0,0.2,529.0,514.0,499.0,484.0,469.0,454.0,439.0,,,,,,,,,,,
545,simon,0.0,0.2,530.0,515.0,500.0,485.0,470.0,455.0,440.0,,,,,,,,,,,
546,jacob,0.0,0.22,531.0,516.0,501.0,486.0,471.0,456.0,441.0,,,,,,,,,,,
547,cindy,0.0,0.23,532.0,517.0,502.0,487.0,472.0,457.0,442.0,,,,,,,,,,,
548,ivan,0.0,0.2,533.0,518.0,503.0,488.0,473.0,458.0,443.0,,,,,,,,,,,
549,,,,534.0,519.0,504.0,489.0,474.0,459.0,,,,,,,,,"{""name"":""tom""",height:69.80,weight:141.49},
550,,,,535.0,520.0,505.0,490.0,475.0,460.0,,,,,,,,,"{""name"":""tracy""",height:70.01,weight:136.46},
551,,,,536.0,521.0,506.0,491.0,476.0,461.0,,,,,,,,,"{""name"":""john""",height:67.90,weight:112.37},
552,,,,537.0,522.0,507.0,492.0,477.0,462.0,,,,,,,,,"{""name"":""tom""",height:69.80,weight:141.49},
553,,,,538.0,523.0,508.0,493.0,478.0,463.0,,,,,,,,,"{""name"":""tracy""",height:70.01,weight:136.46},
554,,,,539.0,524.0,509.0,494.0,479.0,464.0,,,,,,,,,"{""name"":""john""",height:67.90,weight:112.37},
555,,,,540.0,525.0,510.0,495.0,480.0,465.0,,,,,,,,,"{""name"":""tom""",height:69.80,weight:141.49},
556,,,,541.0,526.0,511.0,496.0,481.0,466.0,,,,,,,,,"{""name"":""tracy""",height:70.01,weight:136.46},
557,,,,542.0,527.0,512.0,497.0,482.0,467.0,,,,,,,,,"{""name"":""john""",height:67.90,weight:112.37},
558,,,,543.0,528.0,513.0,498.0,483.0,468.0,,,,,,,,,,,,<data>
559,,,,544.0,529.0,514.0,499.0,484.0,469.0,,,,,,,,,,,,   <person>
560,,,,545.0,530.0,515.0,500.0,485.0,470.0,,,,,,,,,,,,      <name>simon</name>
561,,,,546.0,531.0,516.0,501.0,486.0,471.0,,,,,,,,,,,,      <height>67.90</height>
562,,,,547.0,532.0,517.0,502.0,487.0,472.0,,,,,,,,,,,,      <weight>112.37</weight>
563,,,,548.0,533.0,518.0,503.0,488.0,473.0,,,,,,,,,,,,   </person>
564,,,,549.0,534.0,519.0,504.0,489.0,474.0,,,,,,,,,,,,   <person>
565,,,,550.0,535.0,520.0,505.0,490.0,475.0,,,,,,,,,,,,      <name>jacob</name>
566,,,,551.0,536.0,521.0,506.0,491.0,476.0,,,,,,,,,,,,      <height>66.78</height>
567,,,,552.0,537.0,522.0,507.0,492.0,477.0,,,,,,,,,,,,      <weight>120.67</weight>
568,,,,553.0,538.0,523.0,508.0,493.0,478.0,,,,,,,,,,,,   </person>
569,,,,554.0,539.0,524.0,509.0,494.0,479.0,,,,,,,,,,,,   <person>
570,,,,555.0,540.0,525.0,510.0,495.0,480.0,,,,,,,,,,,,      <name>cindy</name>
571,,,,556.0,541.0,526.0,511.0,496.0,481.0,,,,,,,,,,,,      <height>66.49</height>
572,,,,557.0,542.0,527.0,512.0,497.0,482.0,,,,,,,,,,,,      <weight>127.45</weight>
573,,,,558.0,543.0,528.0,513.0,498.0,483.0,,,,,,,,,,,,   </person>
574,,,,559.0,544.0,529.0,514.0,499.0,484.0,,,,,,,,,,,,   <person>
575,,,,560.0,545.0,530.0,515.0,500.0,485.0,,,,,,,,,,,,      <name>ivan</name>
576,,,,561.0,546.0,531.0,516.0,501.0,486.0,,,,,,,,,,,,      <height>67.62</height>
577,,,,562.0,547.0,532.0,517.0,502.0,487.0,,,,,,,,,,,,      <weight>114.14</weight>
578,,,,563.0,548.0,533.0,518.0,503.0,488.0,,,,,,,,,,,,   </person>
579,,,,564.0,549.0,534.0,519.0,504.0,489.0,,,,,,,,,,,,</data>
580,,,,565.0,550.0,535.0,520.0,505.0,490.0,,,,,,,,,,,,<data>
581,,,,566.0,551.0,536.0,521.0,506.0,491.0,,,,,,,,,,,,   <person>
582,,,,567.0,552.0,537.0,522.0,507.0,492.0,,,,,,,,,,,,      <name>simon</name>
583,,,,568.0,553.0,538.0,523.0,508.0,493.0,,,,,,,,,,,,      <height>67.90</height>
584,,,,569.0,554.0,539.0,524.0,509.0,494.0,,,,,,,,,,,,      <weight>112.37</weight>
585,,,,570.0,555.0,540.0,525.0,510.0,495.0,,,,,,,,,,,,   </person>
586,,,,571.0,556.0,541.0,526.0,511.0,496.0,,,,,,,,,,,,   <person>
587,,,,572.0,557.0,542.0,527.0,512.0,497.0,,,,,,,,,,,,      <name>jacob</name>
588,,,,573.0,558.0,543.0,528.0,513.0,498.0,,,,,,,,,,,,      <height>66.78</height>
589,,,,574.0,559.0,544.0,529.0,514.0,499.0,,,,,,,,,,,,      <weight>120.67</weight>
590,,,,575.0,560.0,545.0,530.0,515.0,500.0,,,,,,,,,,,,   </person>
591,,,,576.0,561.0,546.0,531.0,516.0,501.0,,,,,,,,,,,,   <person>
592,,,,577.0,562.0,547.0,532.0,517.0,502.0,,,,,,,,,,,,      <name>cindy</name>
593,,,,578.0,563.0,548.0,533.0,518.0,503.0,,,,,,,,,,,,      <height>66.49</height>
594,,,,579.0,564.0,549.0,534.0,519.0,504.0,,,,,,,,,,,,      <weight>127.45</weight>
595,,,,580.0,565.0,550.0,535.0,520.0,505.0,,,,,,,,,,,,   </person>
596,,,,581.0,566.0,551.0,536.0,521.0,506.0,,,,,,,,,,,,   <person>
597,,,,582.0,567.0,552.0,537.0,522.0,507.0,,,,,,,,,,,,      <name>ivan</name>
598,,,,583.0,568.0,553.0,538.0,523.0,508.0,,,,,,,,,,,,      <height>67.62</height>
599,,,,584.0,569.0,554.0,539.0,524.0,509.0,,,,,,,,,,,,      <weight>114.14</weight>
600,,,,585.0,570.0,555.0,540.0,525.0,510.0,,,,,,,,,,,,   </person>
601,,,,586.0,571.0,556.0,541.0,526.0,511.0,,,,,,,,,,,,</data>
602,,,,587.0,572.0,557.0,542.0,527.0,512.0,,,,,,,,,,,,<data>
603,,,,588.0,573.0,558.0,543.0,528.0,513.0,,,,,,,,,,,,   <person>
604,,,,589.0,574.0,559.0,544.0,529.0,514.0,,,,,,,,,,,,      <name>simon</name>
605,,,,590.0,575.0,560.0,545.0,530.0,515.0,,,,,,,,,,,,      <height>67.90</height>
606,,,,591.0,576.0,561.0,546.0,531.0,516.0,,,,,,,,,,,,      <weight>112.37</weight>
607,,,,592.0,577.0,562.0,547.0,532.0,517.0,,,,,,,,,,,,   </person>
608,,,,593.0,578.0,563.0,548.0,533.0,518.0,,,,,,,,,,,,   <person>
609,,,,594.0,579.0,564.0,549.0,534.0,519.0,,,,,,,,,,,,      <name>jacob</name>
610,,,,595.0,580.0,565.0,550.0,535.0,520.0,,,,,,,,,,,,      <height>66.78</height>
611,,,,596.0,581.0,566.0,551.0,536.0,521.0,,,,,,,,,,,,      <weight>120.67</weight>
612,,,,597.0,582.0,567.0,552.0,537.0,522.0,,,,,,,,,,,,   </person>
613,,,,598.0,583.0,568.0,553.0,538.0,523.0,,,,,,,,,,,,   <person>
614,,,,599.0,584.0,569.0,554.0,539.0,524.0,,,,,,,,,,,,      <name>cindy</name>
615,,,,600.0,585.0,570.0,555.0,540.0,525.0,,,,,,,,,,,,      <height>66.49</height>
616,,,,601.0,586.0,571.0,556.0,541.0,526.0,,,,,,,,,,,,      <weight>127.45</weight>
617,,,,602.0,587.0,572.0,557.0,542.0,527.0,,,,,,,,,,,,   </person>
618,,,,603.0,588.0,573.0,558.0,543.0,528.0,,,,,,,,,,,,   <person>
619,,,,604.0,589.0,574.0,559.0,544.0,529.0,,,,,,,,,,,,      <name>ivan</name>
620,,,,605.0,590.0,575.0,560.0,545.0,530.0,,,,,,,,,,,,      <height>67.62</height>
621,,,,606.0,591.0,576.0,561.0,546.0,531.0,,,,,,,,,,,,      <weight>114.14</weight>
622,,,,607.0,592.0,577.0,562.0,547.0,532.0,,,,,,,,,,,,   </person>
623,,,,608.0,593.0,578.0,563.0,548.0,533.0,,,,,,,,,,,,</data>
624,jack,0.0,1.08,609.0,594.0,579.0,564.0,549.0,,,,,,,,,,,,,
625,tom,0.0,1.23,610.0,595.0,580.0,565.0,550.0,,,,,,,,,,,,,
626,tracy,0.0,1.19,611.0,596.0,581.0,566.0,551.0,,,,,,,,,,,,,
627,john,0.0,0.98,612.0,597.0,582.0,567.0,552.0,,,,,,,,,,,,,
628,jack,0.0,1.08,613.0,598.0,583.0,568.0,553.0,,,,,,,,,,,,,
629,tom,0.0,1.23,614.0,599.0,584.0,569.0,554.0,,,,,,,,,,,,,
630,tracy,0.0,1.19,615.0,600.0,585.0,570.0,555.0,,,,,,,,,,,,,
631,john,0.0,0.98,616.0,601.0,586.0,571.0,556.0,,,,,,,,,,,,,
632,jack,0.0,1.08,617.0,602.0,587.0,572.0,557.0,,,,,,,,,,,,,
633,tom,0.0,1.23,618.0,603.0,588.0,573.0,558.0,,,,,,,,,,,,,
634,tracy,0.0,1.19,619.0,604.0,589.0,574.0,559.0,,,,,,,,,,,,,
635,john,0.0,0.98,620.0,605.0,590.0,575.0,560.0,,,,,,,,,,,,,
636,simon,0.0,0.98,621.0,606.0,591.0,576.0,561.0,,,,,,,,,,,,,
637,jacob,0.0,1.05,622.0,607.0,592.0,577.0,562.0,,,,,,,,,,,,,
638,cindy,0.0,1.11,623.0,608.0,593.0,578.0,563.0,,,,,,,,,,,,,
639,ivan,0.0,0.99,624.0,609.0,594.0,579.0,564.0,,,,,,,,,,,,,
640,simon,0.0,0.98,625.0,610.0,595.0,580.0,565.0,,,,,,,,,,,,,
641,jacob,0.0,1.05,626.0,611.0,596.0,581.0,566.0,,,,,,,,,,,,,
642,cindy,0.0,1.11,627.0,612.0,597.0,582.0,567.0,,,,,,,,,,,,,
643,ivan,0.0,0.99,628.0,613.0,598.0,583.0,568.0,,,,,,,,,,,,,
644,simon,0.0,0.98,629.0,614.0,599.0,584.0,569.0,,,,,,,,,,,,,
645,jacob,0.0,1.05,630.0,615.0,600.0,585.0,570.0,,,,,,,,,,,,,
646,cindy,0.0,1.11,631.0,616.0,601.0,586.0,571.0,,,,,,,,,,,,,
647,ivan,0.0,0.99,632.0,617.0,602.0,587.0,572.0,,,,,,,,,,,,,
648,,,,633.0,618.0,603.0,588.0,,,,,,,,,,,"{""name"":""tom""",height:69.80,weight:141.49},
649,,,,634.0,619.0,604.0,589.0,,,,,,,,,,,"{""name"":""tracy""",height:70.01,weight:136.46},
650,,,,635.0,620.0,605.0,590.0,,,,,,,,,,,"{""name"":""john""",height:67.90,weight:112.37},
651,,,,636.0,621.0,606.0,591.0,,,,,,,,,,,"{""name"":""tom""",height:69.80,weight:141.49},
652,,,,637.0,622.0,607.0,592.0,,,,,,,,,,,"{""name"":""tracy""",height:70.01,weight:136.46},
653,,,,638.0,623.0,608.0,593.0,,,,,,,,,,,"{""name"":""john""",height:67.90,weight:112.37},
654,,,,639.0,624.0,609.0,594.0,,,,,,,,,,,"{""name"":""tom""",height:69.80,weight:141.49},
655,,,,640.0,625.0,610.0,595.0,,,,,,,,,,,"{""name"":""tracy""",height:70.01,weight:136.46},
656,,,,641.0,626.0,611.0,596.0,,,,,,,,,,,"{""name"":""john""",height:67.90,weight:112.37},
657,,,,642.0,627.0,612.0,597.0,,,,,,,,,,,,,,<data>
658,,,,643.0,628.0,613.0,598.0,,,,,,,,,,,,,,   <person>
659,,,,644.0,629.0,614.0,599.0,,,,,,,,,,,,,,      <name>simon</name>
660,,,,645.0,630.0,615.0,600.0,,,,,,,,,,,,,,      <height>67.90</height>
661,,,,646.0,631.0,616.0,601.0,,,,,,,,,,,,,,      <weight>112.37</weight>
662,,,,647.0,632.0,617.0,602.0,,,,,,,,,,,,,,   </person>
663,,,,648.0,633.0,618.0,603.0,,,,,,,,,,,,,,   <person>
664,,,,649.0,634.0,619.0,604.0,,,,,,,,,,,,,,      <name>jacob</name>
665,,,,650.0,635.0,620.0,605.0,,,,,,,,,,,,,,      <height>66.78</height>
666,,,,651.0,636.0,621.0,606.0,,,,,,,,,,,,,,      <weight>120.67</weight>
667,,,,652.0,637.0,622.0,607.0,,,,,,,,,,,,,,   </person>
668,,,,653.0,638.0,623.0,608.0,,,,,,,,,,,,,,   <person>
669,,,,654.0,639.0,624.0,609.0,,,,,,,,,,,,,,      <name>cindy</name>
670,,,,655.0,640.0,625.0,610.0,,,,,,,,,,,,,,      <height>66.49</height>
671,,,,656.0,641.0,626.0,611.0,,,,,,,,,,,,,,      <weight>127.45</weight>
672,,,,657.0,642.0,627.0,612.0,,,,,,,,,,,,,,   </person>
673,,,,658.0,643.0,628.0,613.0,,,,,,,,,,,,,,   <person>
674,,,,659.0,644.0,629.0,614.0,,,,,,,,,,,,,,      <name>ivan</name>
675,,,,660.0,645.0,630.0,615.0,,,,,,,,,,,,,,      <height>67.62</height>
676,,,,661.0,646.0,631.0,616.0,,,,,,,,,,,,,,      <weight>114.14</weight>
677,,,,662.0,647.0,632.0,617.0,,,,,,,,,,,,,,   </person>
678,,,,663.0,648.0,633.0,618.0,,,,,,,,,,,,,,</data>
679,,,,664.0,649.0,634.0,619.0,,,,,,,,,,,,,,<data>
680,,,,665.0,650.0,635.0,620.0,,,,,,,,,,,,,,   <person>
681,,,,666.0,651.0,636.0,621.0,,,,,,,,,,,,,,      <name>simon</name>
682,,,,667.0,652.0,637.0,622.0,,,,,,,,,,,,,,      <height>67.90</height>
683,,,,668.0,653.0,638.0,623.0,,,,,,,,,,,,,,      <weight>112.37</weight>
684,,,,669.0,654.0,639.0,624.0,,,,,,,,,,,,,,   </person>
685,,,,670.0,655.0,640.0,625.0,,,,,,,,,,,,,,   <person>
686,,,,671.0,656.0,641.0,626.0,,,,,,,,,,,,,,      <name>jacob</name>
687,,,,672.0,657.0,642.0,627.0,,,,,,,,,,,,,,      <height>66.78</height>
688,,,,673.0,658.0,643.0,628.0,,,,,,,,,,,,,,      <weight>120.67</weight>
689,,,,674.0,659.0,644.0,629.0,,,,,,,,,,,,,,   </person>
690,,,,675.0,660.0,645.0,630.0,,,,,,,,,,,,,,   <person>
691,,,,676.0,661.0,646.0,631.0,,,,,,,,,,,,,,      <name>cindy</name>
692,,,,677.0,662.0,647.0,632.0,,,,,,,,,,,,,,      <height>66.49</height>
693,,,,678.0,663.0,648.0,633.0,,,,,,,,,,,,,,      <weight>127.45</weight>
694,,,,679.0,664.0,649.0,634.0,,,,,,,,,,,,,,   </person>
695,,,,680.0,665.0,650.0,635.0,,,,,,,,,,,,,,   <person>
696,,,,681.0,666.0,651.0,636.0,,,,,,,,,,,,,,      <name>ivan</name>
697,,,,682.0,667.0,652.0,637.0,,,,,,,,,,,,,,      <height>67.62</height>
698,,,,683.0,668.0,653.0,638.0,,,,,,,,,,,,,,      <weight>114.14</weight>
699,,,,684.0,669.0,654.0,639.0,,,,,,,,,,,,,,   </person>
700,,,,685.0,670.0,655.0,640.0,,,,,,,,,,,,,,</data>
701,,,,686.0,671.0,656.0,641.0,,,,,,,,,,,,,,<data>
702,,,,687.0,672.0,657.0,642.0,,,,,,,,,,,,,,   <person>
703,,,,688.0,673.0,658.0,643.0,,,,,,,,,,,,,,      <name>simon</name>
704,,,,689.0,674.0,659.0,644.0,,,,,,,,,,,,,,      <height>67.90</height>
705,,,,690.0,675.0,660.0,645.0,,,,,,,,,,,,,,      <weight>112.37</weight>
706,,,,691.0,676.0,661.0,646.0,,,,,,,,,,,,,,   </person>
707,,,,692.0,677.0,662.0,647.0,,,,,,,,,,,,,,   <person>
708,,,,693.0,678.0,663.0,648.0,,,,,,,,,,,,,,      <name>jacob</name>
709,,,,694.0,679.0,664.0,649.0,,,,,,,,,,,,,,      <height>66.78</height>
710,,,,695.0,680.0,665.0,650.0,,,,,,,,,,,,,,      <weight>120.67</weight>
711,,,,696.0,681.0,666.0,651.0,,,,,,,,,,,,,,   </person>
712,,,,697.0,682.0,667.0,652.0,,,,,,,,,,,,,,   <person>
713,,,,698.0,683.0,668.0,653.0,,,,,,,,,,,,,,      <name>cindy</name>
714,,,,699.0,684.0,669.0,654.0,,,,,,,,,,,,,,      <height>66.49</height>
715,,,,700.0,685.0,670.0,655.0,,,,,,,,,,,,,,      <weight>127.45</weight>
716,,,,701.0,686.0,671.0,656.0,,,,,,,,,,,,,,   </person>
717,,,,702.0,687.0,672.0,657.0,,,,,,,,,,,,,,   <person>
718,,,,703.0,688.0,673.0,658.0,,,,,,,,,,,,,,      <name>ivan</name>
719,,,,704.0,689.0,674.0,659.0,,,,,,,,,,,,,,      <height>67.62</height>
720,,,,705.0,690.0,675.0,660.0,,,,,,,,,,,,,,      <weight>114.14</weight>
721,,,,706.0,691.0,676.0,661.0,,,,,,,,,,,,,,   </person>
722,,,,707.0,692.0,677.0,662.0,,,,,,,,,,,,,,</data>
723,jack,0.0,5.22,708.0,693.0,678.0,,,,,,,,,,,,,,,
724,tom,0.0,5.99,709.0,694.0,679.0,,,,,,,,,,,,,,,
725,tracy,0.0,5.78,710.0,695.0,680.0,,,,,,,,,,,,,,,
726,john,0.0,4.76,711.0,696.0,681.0,,,,,,,,,,,,,,,
727,jack,0.0,5.22,712.0,697.0,682.0,,,,,,,,,,,,,,,
728,tom,0.0,5.99,713.0,698.0,683.0,,,,,,,,,,,,,,,
729,tracy,0.0,5.78,714.0,699.0,684.0,,,,,,,,,,,,,,,
730,john,0.0,4.76,715.0,700.0,685.0,,,,,,,,,,,,,,,
731,jack,0.0,5.22,716.0,701.0,686.0,,,,,,,,,,,,,,,
732,tom,0.0,5.99,717.0,702.0,687.0,,,,,,,,,,,,,,,
733,tracy,0.0,5.78,718.0,703.0,688.0,,,,,,,,,,,,,,,
734,john,0.0,4.76,719.0,704.0,689.0,,,,,,,,,,,,,,,
735,simon,0.0,4.76,720.0,705.0,690.0,,,,,,,,,,,,,,,
736,jacob,0.0,5.11,721.0,706.0,691.0,,,,,,,,,,,,,,,
737,cindy,0.0,5.39,722.0,707.0,692.0,,,,,,,,,,,,,,,
738,ivan,0.0,4.83,723.0,708.0,693.0,,,,,,,,,,,,,,,
739,simon,0.0,4.76,724.0,709.0,694.0,,,,,,,,,,,,,,,
740,jacob,0.0,5.11,725.0,710.0,695.0,,,,,,,,,,,,,,,
741,cindy,0.0,5.39,726.0,711.0,696.0,,,,,,,,,,,,,,,
742,ivan,0.0,4.83,727.0,712.0,697.0,,,,,,,,,,,,,,,
743,simon,0.0,4.76,728.0,713.0,698.0,,,,,,,,,,,,,,,
744,jacob,0.0,5.11,729.0,714.0,699.0,,,,,,,,,,,,,,,
745,cindy,0.0,5.39,730.0,715.0,700.0,,,,,,,,,,,,,,,
746,ivan,0.0,4.83,731.0,716.0,701.0,,,,,,,,,,,,,,,
747,,,,732.0,717.0,,,,,,,,,,,,,"{""name"":""tom""",height:69.80,weight:141.49},
748,,,,733.0,718.0,,,,,,,,,,,,,"{""name"":""tracy""",height:70.01,weight:136.46},
749,,,,734.0,719.0,,,,,,,,,,,,,"{""name"":""john""",height:67.90,weight:112.37},
750,,,,735.0,720.0,,,,,,,,,,,,,"{""name"":""tom""",height:69.80,weight:141.49},
751,,,,736.0,721.0,,,,,,,,,,,,,"{""name"":""tracy""",height:70.01,weight:136.46},
752,,,,737.0,722.0,,,,,,,,,,,,,"{""name"":""john""",height:67.90,weight:112.37},
753,,,,738.0,723.0,,,,,,,,,,,,,"{""name"":""tom""",height:69.80,weight:141.49},
754,,,,739.0,724.0,,,,,,,,,,,,,"{""name"":""tracy""",height:70.01,weight:136.46},
755,,,,740.0,725.0,,,,,,,,,,,,,"{""name"":""john""",height:67.90,weight:112.37},
756,,,,741.0,726.0,,,,,,,,,,,,,,,,<data>
757,,,,742.0,727.0,,,,,,,,,,,,,,,,   <person>
758,,,,743.0,728.0,,,,,,,,,,,,,,,,      <name>simon</name>
759,,,,744.0,729.0,,,,,,,,,,,,,,,,      <height>67.90</height>
760,,,,745.0,730.0,,,,,,,,,,,,,,,,      <weight>112.37</weight>
761,,,,746.0,731.0,,,,,,,,,,,,,,,,   </person>
762,,,,747.0,732.0,,,,,,,,,,,,,,,,   <person>
763,,,,748.0,733.0,,,,,,,,,,,,,,,,      <name>jacob</name>
764,,,,749.0,734.0,,,,,,,,,,,,,,,,      <height>66.78</height>
765,,,,750.0,735.0,,,,,,,,,,,,,,,,      <weight>120.67</weight>
766,,,,751.0,736.0,,,,,,,,,,,,,,,,   </person>
767,,,,752.0,737.0,,,,,,,,,,,,,,,,   <person>
768,,,,753.0,738.0,,,,,,,,,,,,,,,,      <name>cindy</name>
769,,,,754.0,739.0,,,,,,,,,,,,,,,,      <height>66.49</height>
770,,,,755.0,740.0,,,,,,,,,,,,,,,,      <weight>127.45</weight>
771,,,,756.0,741.0,,,,,,,,,,,,,,,,   </person>
772,,,,757.0,742.0,,,,,,,,,,,,,,,,   <person>
773,,,,758.0,743.0,,,,,,,,,,,,,,,,      <name>ivan</name>
774,,,,759.0,744.0,,,,,,,,,,,,,,,,      <height>67.62</height>
775,,,,760.0,745.0,,,,,,,,,,,,,,,,      <weight>114.14</weight>
776,,,,761.0,746.0,,,,,,,,,,,,,,,,   </person>
777,,,,762.0,747.0,,,,,,,,,,,,,,,,</data>
778,,,,763.0,748.0,,,,,,,,,,,,,,,,<data>
779,,,,764.0,749.0,,,,,,,,,,,,,,,,   <person>
780,,,,765.0,750.0,,,,,,,,,,,,,,,,      <name>simon</name>
781,,,,766.0,751.0,,,,,,,,,,,,,,,,      <height>67.90</height>
782,,,,767.0,752.0,,,,,,,,,,,,,,,,      <weight>112.37</weight>
783,,,,768.0,753.0,,,,,,,,,,,,,,,,   </person>
784,,,,769.0,754.0,,,,,,,,,,,,,,,,   <person>
785,,,,770.0,755.0,,,,,,,,,,,,,,,,      <name>jacob</name>
786,,,,771.0,756.0,,,,,,,,,,,,,,,,      <height>66.78</height>
787,,,,772.0,757.0,,,,,,,,,,,,,,,,      <weight>120.67</weight>
788,,,,773.0,758.0,,,,,,,,,,,,,,,,   </person>
789,,,,774.0,759.0,,,,,,,,,,,,,,,,   <person>
790,,,,775.0,760.0,,,,,,,,,,,,,,,,      <name>cindy</name>
791,,,,776.0,761.0,,,,,,,,,,,,,,,,      <height>66.49</height>
792,,,,777.0,762.0,,,,,,,,,,,,,,,,      <weight>127.45</weight>
793,,,,778.0,763.0,,,,,,,,,,,,,,,,   </person>
794,,,,779.0,764.0,,,,,,,,,,,,,,,,   <person>
795,,,,780.0,765.0,,,,,,,,,,,,,,,,      <name>ivan</name>
796,,,,781.0,766.0,,,,,,,,,,,,,,,,      <height>67.62</height>
797,,,,782.0,767.0,,,,,,,,,,,,,,,,      <weight>114.14</weight>
798,,,,783.0,768.0,,,,,,,,,,,,,,,,   </person>
799,,,,784.0,769.0,,,,,,,,,,,,,,,,</data>
800,,,,785.0,770.0,,,,,,,,,,,,,,,,<data>
801,,,,786.0,771.0,,,,,,,,,,,,,,,,   <person>
802,,,,787.0,772.0,,,,,,,,,,,,,,,,      <name>simon</name>
803,,,,788.0,773.0,,,,,,,,,,,,,,,,      <height>67.90</height>
804,,,,789.0,774.0,,,,,,,,,,,,,,,,      <weight>112.37</weight>
805,,,,790.0,775.0,,,,,,,,,,,,,,,,   </person>
806,,,,791.0,776.0,,,,,,,,,,,,,,,,   <person>
807,,,,792.0,777.0,,,,,,,,,,,,,,,,      <name>jacob</name>
808,,,,793.0,778.0,,,,,,,,,,,,,,,,      <height>66.78</height>
809,,,,794.0,779.0,,,,,,,,,,,,,,,,      <weight>120.67</weight>
810,,,,795.0,780.0,,,,,,,,,,,,,,,,   </person>
811,,,,796.0,781.0,,,,,,,,,,,,,,,,   <person>
812,,,,797.0,782.0,,,,,,,,,,,,,,,,      <name>cindy</name>
813,,,,798.0,783.0,,,,,,,,,,,,,,,,      <height>66.49</height>
814,,,,799.0,784.0,,,,,,,,,,,,,,,,      <weight>127.45</weight>
815,,,,800.0,785.0,,,,,,,,,,,,,,,,   </person>
816,,,,801.0,786.0,,,,,,,,,,,,,,,,   <person>
817,,,,802.0,787.0,,,,,,,,,,,,,,,,      <name>ivan</name>
818,,,,803.0,788.0,,,,,,,,,,,,,,,,      <height>67.62</height>
819,,,,804.0,789.0,,,,,,,,,,,,,,,,      <weight>114.14</weight>
820,,,,805.0,790.0,,,,,,,,,,,,,,,,   </person>
821,,,,806.0,791.0,,,,,,,,,,,,,,,,</data>
822,,,,807.0,,,,,,,,,,,,,,"{""name"":""tom""",height:69.80,weight:141.49},
823,,,,808.0,,,,,,,,,,,,,,"{""name"":""tracy""",height:70.01,weight:136.46},
824,,,,809.0,,,,,,,,,,,,,,"{""name"":""john""",height:67.90,weight:112.37},
825,,,,810.0,,,,,,,,,,,,,,"{""name"":""tom""",height:69.80,weight:141.49},
826,,,,811.0,,,,,,,,,,,,,,"{""name"":""tracy""",height:70.01,weight:136.46},
827,,,,812.0,,,,,,,,,,,,,,"{""name"":""john""",height:67.90,weight:112.37},
828,,,,813.0,,,,,,,,,,,,,,"{""name"":""tom""",height:69.80,weight:141.49},
829,,,,814.0,,,,,,,,,,,,,,"{""name"":""tracy""",height:70.01,weight:136.46},
830,,,,815.0,,,,,,,,,,,,,,"{""name"":""john""",height:67.90,weight:112.37},
831,,,,816.0,,,,,,,,,,,,,,,,,<data>
832,,,,817.0,,,,,,,,,,,,,,,,,   <person>
833,,,,818.0,,,,,,,,,,,,,,,,,      <name>simon</name>
834,,,,819.0,,,,,,,,,,,,,,,,,      <height>67.90</height>
835,,,,820.0,,,,,,,,,,,,,,,,,      <weight>112.37</weight>
836,,,,821.0,,,,,,,,,,,,,,,,,   </person>
837,,,,822.0,,,,,,,,,,,,,,,,,   <person>
838,,,,823.0,,,,,,,,,,,,,,,,,      <name>jacob</name>
839,,,,824.0,,,,,,,,,,,,,,,,,      <height>66.78</height>
840,,,,825.0,,,,,,,,,,,,,,,,,      <weight>120.67</weight>
841,,,,826.0,,,,,,,,,,,,,,,,,   </person>
842,,,,827.0,,,,,,,,,,,,,,,,,   <person>
843,,,,828.0,,,,,,,,,,,,,,,,,      <name>cindy</name>
844,,,,829.0,,,,,,,,,,,,,,,,,      <height>66.49</height>
845,,,,830.0,,,,,,,,,,,,,,,,,      <weight>127.45</weight>
846,,,,831.0,,,,,,,,,,,,,,,,,   </person>
847,,,,832.0,,,,,,,,,,,,,,,,,   <person>
848,,,,833.0,,,,,,,,,,,,,,,,,      <name>ivan</name>
849,,,,834.0,,,,,,,,,,,,,,,,,      <height>67.62</height>
850,,,,835.0,,,,,,,,,,,,,,,,,      <weight>114.14</weight>
851,,,,836.0,,,,,,,,,,,,,,,,,   </person>
852,,,,837.0,,,,,,,,,,,,,,,,,</data>
853,,,,838.0,,,,,,,,,,,,,,,,,<data>
854,,,,839.0,,,,,,,,,,,,,,,,,   <person>
855,,,,840.0,,,,,,,,,,,,,,,,,      <name>simon</name>
856,,,,841.0,,,,,,,,,,,,,,,,,      <height>67.90</height>
857,,,,842.0,,,,,,,,,,,,,,,,,      <weight>112.37</weight>
858,,,,843.0,,,,,,,,,,,,,,,,,   </person>
859,,,,844.0,,,,,,,,,,,,,,,,,   <person>
860,,,,845.0,,,,,,,,,,,,,,,,,      <name>jacob</name>
861,,,,846.0,,,,,,,,,,,,,,,,,      <height>66.78</height>
862,,,,847.0,,,,,,,,,,,,,,,,,      <weight>120.67</weight>
863,,,,848.0,,,,,,,,,,,,,,,,,   </person>
864,,,,849.0,,,,,,,,,,,,,,,,,   <person>
865,,,,850.0,,,,,,,,,,,,,,,,,      <name>cindy</name>
866,,,,851.0,,,,,,,,,,,,,,,,,      <height>66.49</height>
867,,,,852.0,,,,,,,,,,,,,,,,,      <weight>127.45</weight>
868,,,,853.0,,,,,,,,,,,,,,,,,   </person>
869,,,,854.0,,,,,,,,,,,,,,,,,   <person>
870,,,,855.0,,,,,,,,,,,,,,,,,      <name>ivan</name>
871,,,,856.0,,,,,,,,,,,,,,,,,      <height>67.62</height>
872,,,,857.0,,,,,,,,,,,,,,,,,      <weight>114.14</weight>
873,,,,858.0,,,,,,,,,,,,,,,,,   </person>
874,,,,859.0,,,,,,,,,,,,,,,,,</data>
875,,,,860.0,,,,,,,,,,,,,,,,,<data>
876,,,,861.0,,,,,,,,,,,,,,,,,   <person>
877,,,,862.0,,,,,,,,,,,,,,,,,      <name>simon</name>
878,,,,863.0,,,,,,,,,,,,,,,,,      <height>67.90</height>
879,,,,864.0,,,,,,,,,,,,,,,,,      <weight>112.37</weight>
880,,,,865.0,,,,,,,,,,,,,,,,,   </person>
881,,,,866.0,,,,,,,,,,,,,,,,,   <person>
882,,,,867.0,,,,,,,,,,,,,,,,,      <name>jacob</name>
883,,,,868.0,,,,,,,,,,,,,,,,,      <height>66.78</height>
884,,,,869.0,,,,,,,,,,,,,,,,,      <weight>120.67</weight>
885,,,,870.0,,,,,,,,,,,,,,,,,   </person>
886,,,,871.0,,,,,,,,,,,,,,,,,   <person>
887,,,,872.0,,,,,,,,,,,,,,,,,      <name>cindy</name>
888,,,,873.0,,,,,,,,,,,,,,,,,      <height>66.49</height>
889,,,,874.0,,,,,,,,,,,,,,,,,      <weight>127.45</weight>
890,,,,875.0,,,,,,,,,,,,,,,,,   </person>
891,,,,876.0,,,,,,,,,,,,,,,,,   <person>
892,,,,877.0,,,,,,,,,,,,,,,,,      <name>ivan</name>
893,,,,878.0,,,,,,,,,,,,,,,,,      <height>67.62</height>
894,,,,879.0,,,,,,,,,,,,,,,,,      <weight>114.14</weight>
895,,,,880.0,,,,,,,,,,,,,,,,,   </person>
896,,,,881.0,,,,,,,,,,,,,,,,,</data>
897,jack,1.74,55.93,,,,,,,,,,,,,,,,,,
898,tom,1.77,64.18,,,,,,,,,,,,,,,,,,
899,tracy,1.78,61.9,,,,,,,,,,,,,,,,,,
900,john,1.72,50.97,,,,,,,,,,,,,,,,,,
901,jack,1.74,55.93,,,,,,,,,,,,,,,,,,
902,tom,1.77,64.18,,,,,,,,,,,,,,,,,,
903,tracy,1.78,61.9,,,,,,,,,,,,,,,,,,
904,john,1.72,50.97,,,,,,,,,,,,,,,,,,
905,jack,1.74,55.93,,,,,,,,,,,,,,,,,,
906,tom,1.77,64.18,,,,,,,,,,,,,,,,,,
907,tracy,1.78,61.9,,,,,,,,,,,,,,,,,,
908,john,1.72,50.97,,,,,,,,,,,,,,,,,,
909,simon,1.72,50.97,,,,,,,,,,,,,,,,,,
910,jacob,1.7,54.73,,,,,,,,,,,,,,,,,,
911,cindy,1.69,57.81,,,,,,,,,,,,,,,,,,
912,ivan,1.72,51.77,,,,,,,,,,,,,,,,,,
913,simon,1.72,50.97,,,,,,,,,,,,,,,,,,
914,jacob,1.7,54.73,,,,,,,,,,,,,,,,,,
915,cindy,1.69,57.81,,,,,,,,,,,,,,,,,,
916,ivan,1.72,51.77,,,,,,,,,,,,,,,,,,
917,simon,1.72,50.97,,,,,,,,,,,,,,,,,,
918,jacob,1.7,54.73,,,,,,,,,,,,,,,,,,
919,cindy,1.69,57.81,,,,,,,,,,,,,,,,,,
920,ivan,1.72,51.77,,,,,,,,,,,,,,,,,,
